10004,方程与代数->代数式->整式->整式的概念->字母表述数,字母表述数
10005,方程与代数->代数式->整式->整式的概念->代数式,代数式
10006,方程与代数->代数式->整式->整式的概念->代数式的值,代数式的值
10007,方程与代数->代数式->整式->整式的概念->整式,整式
10009,方程与代数->代数式->整式->整式的加减->合并同类项,合并同类项
10010,方程与代数->代数式->整式->整式的加减->整式的加减,整式的加减
10012,方程与代数->代数式->整式->整式的乘法->同底数幂的乘法,同底数幂的乘法
10013,方程与代数->代数式->整式->整式的乘法->幂的乘方,幂的乘方
10014,方程与代数->代数式->整式->整式的乘法->积的乘方,积的乘方
10015,方程与代数->代数式->整式->整式的乘法->整式的乘法,整式的乘法
10017,方程与代数->代数式->整式->乘法公式->平方差公式,平方差公式
10018,方程与代数->代数式->整式->乘法公式->完全平方公式,完全平方公式
10020,方程与代数->代数式->整式->因式分解->提取公因式,提取公因式
10021,方程与代数->代数式->整式->因式分解->公式法,公式法
10022,方程与代数->代数式->整式->因式分解->十字相乘,十字相乘
10023,方程与代数->代数式->整式->因式分解->分组分解,分组分解
10025,方程与代数->代数式->整式->整式的除法->同底数幂的除法,同底数幂的除法
10026,方程与代数->代数式->整式->整式的除法->单项式除以单项式,单项式除以单项式
10027,方程与代数->代数式->整式->整式的除法->多项式除以单项式,多项式除以单项式
10028,方程与代数->代数式->整式->整式的除法->多项式除以多项式,多项式除以多项式
10031,方程与代数->代数式->分式->分式->分式的意义,分式的意义
10032,方程与代数->代数式->分式->分式->分式的基本性质,分式的基本性质
10034,方程与代数->代数式->分式->分式的运算->分式的乘除,分式的乘除
10035,方程与代数->代数式->分式->分式的运算->分式的加减,分式的加减
10036,方程与代数->代数式->分式->分式的运算->整数指数幂及其运算,整数指数幂及其运算
10037,方程与代数->代数式->二次根式,二次根式
10040,方程与代数->集合与逻辑->集合->集合的概念及其表示方法,集合的概念及其表示方法
10041,方程与代数->集合与逻辑->集合->集合与元素的关系,集合与元素的关系
10043,方程与代数->集合与逻辑->集合->集合之间的关系->集合的相等,集合的相等
10044,方程与代数->集合与逻辑->集合->集合之间的关系->集合的包含关系,集合的包含关系
10045,方程与代数->集合与逻辑->集合->集合的运算,集合的运算
10047,方程与代数->集合与逻辑->集合->命题->命题、公理、定理的概念,命题、公理、定理的概念
10048,方程与代数->集合与逻辑->集合->命题->逆命题和逆定理,逆命题和逆定理
10049,方程与代数->集合与逻辑->集合->命题->真(假)命题,真(假)命题
10050,方程与代数->集合与逻辑->集合->命题->命题的四种形式及等价关系,命题的四种形式及等价关系
10051,方程与代数->集合与逻辑->集合->命题->充分条件、必要条件,充分条件、必要条件
10052,方程与代数->集合与逻辑->集合->命题->命题的逻辑运算,命题的逻辑运算
10053,方程与代数->集合与逻辑->集合->命题->命题的推出关系,命题的推出关系
10055,方程与代数->数列->数列的概念,数列的概念
10056,方程与代数->数列->等差数列,等差数列
10057,方程与代数->数列->等比数列,等比数列
10058,方程与代数->数列->数列的递推关系,数列的递推关系
10060,方程与代数->数列->数列极限->数列极限的概念及运算,数列极限的概念及运算
10061,方程与代数->数列->数列极限->无穷等比数列各项和,无穷等比数列各项和
10063,方程与代数->数列->数列求通项->累乘法,累乘法
10064,方程与代数->数列->数列求通项->累加法,累加法
10065,方程与代数->数列->数列求通项->待定系数法,待定系数法
10066,方程与代数->数列->数列求通项->转化化归,转化化归
10068,方程与代数->数列->数列求和->公式法,公式法
10069,方程与代数->数列->数列求和->裂项相消,裂项相消
10070,方程与代数->数列->数列求和->错位相减,错位相减
10071,方程与代数->数列->数列求和->逆序相加,逆序相加
10074,方程与代数->方程(组)->方程与方程的解->列方程,列方程
10075,方程与代数->方程(组)->方程与方程的解->方程的解,方程的解
10077,"方程与代数->方程(组)->一元整式方程 ->一元一次方程及其解法",一元一次方程及其解法
10079,"方程与代数->方程(组)->一元整式方程 ->一元二次方程->一元二次方程的定义",一元二次方程的定义
10081,"方程与代数->方程(组)->一元整式方程 ->一元二次方程->一元二次方程的解法->直接开方法",直接开方法
10082,"方程与代数->方程(组)->一元整式方程 ->一元二次方程->一元二次方程的解法->配方法",配方法
10083,"方程与代数->方程(组)->一元整式方程 ->一元二次方程->一元二次方程的解法->公式法",公式法
10084,"方程与代数->方程(组)->一元整式方程 ->一元二次方程->一元二次方程的解法->因式分解法",因式分解法
10085,"方程与代数->方程(组)->一元整式方程 ->一元二次方程->一元二次方程的根的判别式",一元二次方程的根的判别式
10086,"方程与代数->方程(组)->一元整式方程 ->一元二次方程->一元二次方程的根与系数的关系",一元二次方程的根与系数的关系
10087,"方程与代数->方程(组)->一元整式方程 ->一元二次方程->实系数一元二次方程",实系数一元二次方程
10088,"方程与代数->方程(组)->一元整式方程 ->其他一元整式方程",其他一元整式方程
10089,"方程与代数->方程(组)->一元整式方程 ->二项方程",二项方程
10091,方程与代数->方程(组)->一次方程组->二元一次方程组及其解法,二元一次方程组及其解法
10092,方程与代数->方程(组)->一次方程组->三元一次方程组及其解法,三元一次方程组及其解法
10094,方程与代数->方程(组)->二次方程组->二元二次方程和方程组,二元二次方程和方程组
10095,方程与代数->方程(组)->二次方程组->二元二次方程组的解法,二元二次方程组的解法
10096,方程与代数->方程(组)->分式方程,分式方程
10097,方程与代数->方程(组)->无理方程,无理方程
10098,方程与代数->方程(组)->指对数方程,指对数方程
10099,方程与代数->方程(组)->三角方程,三角方程
10101,方程与代数->不等式->不等式的简单性质(加法、乘法性质),不等式的简单性质(加法、乘法性质)
10102,方程与代数->不等式->不等式的基本性质,不等式的基本性质
10103,方程与代数->不等式->基本(均值)不等式及其应用,基本(均值)不等式及其应用
10104,方程与代数->不等式->不等式的证明,不等式的证明
10107,方程与代数->不等式->解不等式->一次不等式->一元一次不等式的解法,一元一次不等式的解法
10108,方程与代数->不等式->解不等式->一次不等式->一元一次不等式组的解法,一元一次不等式组的解法
10109,方程与代数->不等式->解不等式->一元二次不等式,一元二次不等式
10110,方程与代数->不等式->解不等式->一元高次不等式,一元高次不等式
10111,方程与代数->不等式->解不等式->分式不等式,分式不等式
10112,方程与代数->不等式->解不等式->无理不等式,无理不等式
10113,方程与代数->不等式->解不等式->绝对值不等式,绝对值不等式
10114,方程与代数->不等式->解不等式->指对数不等式,指对数不等式
10115,方程与代数->不等式->解不等式->三角不等式,三角不等式
10117,方程与代数->三角恒等式->诱导公式,诱导公式
10118,方程与代数->三角恒等式->同角三角比的关系,同角三角比的关系
10119,方程与代数->三角恒等式->倍角公式,倍角公式
10120,方程与代数->三角恒等式->半角公式,半角公式
10121,方程与代数->三角恒等式->两角和(差)公式,两角和(差)公式
10122,"方程与代数->三角恒等式->积化和差、和差化积公式 ","积化和差、和差化积公式 "
10124,方程与代数->线性代数->矩阵的概念,矩阵的概念
10125,方程与代数->线性代数->矩阵的运算,矩阵的运算
10126,方程与代数->线性代数->二、三阶行列式的展开,二、三阶行列式的展开
10127,方程与代数->线性代数->克莱默法则,克莱默法则
10130,方程与代数->数论->整数与整除->整数与整除的意义,整数与整除的意义
10131,方程与代数->数论->整数与整除->因数和倍数,因数和倍数
10132,方程与代数->数论->整数与整除->能被2，5整除的数,能被2，5整除的数
10134,方程与代数->数论->分解素因数->素数、合数与分解素因数,素数、合数与分解素因数
10135,方程与代数->数论->分解素因数->公因数与最大公因数,公因数与最大公因数
10136,方程与代数->数论->分解素因数->公倍数与最小公倍数,公倍数与最小公倍数
10139,函数与分析->函数基础->函数的概念(对应说),函数的概念(对应说)
10140,函数与分析->函数基础->函数的概念(变量说),函数的概念(变量说)
10142,函数与分析->函数基础->函数的运算->和（差）函数、积（商）函数,和（差）函数、积（商）函数
10143,函数与分析->函数基础->函数的运算->函数的复合,函数的复合
10145,函数与分析->函数基础->函数的图像->函数图像的绘制,函数图像的绘制
10146,函数与分析->函数基础->函数的图像->轴对称函数图像的性质与判定,轴对称函数图像的性质与判定
10147,"函数与分析->函数基础->函数的图像->中心对称函数图像的性质与判定 ","中心对称函数图像的性质与判定 "
10148,函数与分析->函数基础->函数的奇偶性,函数的奇偶性
10149,函数与分析->函数基础->函数的单调性,函数的单调性
10150,函数与分析->函数基础->函数的周期性,函数的周期性
10151,函数与分析->函数基础->函数的值域、最值,函数的值域、最值
10152,函数与分析->函数基础->函数零点及零点定理,函数零点及零点定理
10153,函数与分析->函数基础->反函数的概念及性质,反函数的概念及性质
10156,函数与分析->初等函数->三角函数->三角函数的定义(任意角),三角函数的定义(任意角)
10157,函数与分析->初等函数->三角函数->正余弦函数的性质与图像,正余弦函数的性质与图像
10158,函数与分析->初等函数->三角函数->正切函数的性质与图像,正切函数的性质与图像
10159,"函数与分析->初等函数->三角函数->$y=A\sin(\omega x+\phi)$函数的性质与图像","$y=A\sin(\omega x+\phi)$函数的性质与图像"
10160,函数与分析->初等函数->反三角函数,反三角函数
10161,函数与分析->初等函数->指数函数的图像与性质,指数函数的图像与性质
10162,函数与分析->初等函数->对数函数的图像与性质,对数函数的图像与性质
10163,函数与分析->初等函数->幂函数的图像与性质,幂函数的图像与性质
10165,函数与分析->初等函数->特殊的初等函数->正比例函数的图像与性质,正比例函数的图像与性质
10166,函数与分析->初等函数->特殊的初等函数->反比例函数的图像与性质,反比例函数的图像与性质
10167,函数与分析->初等函数->特殊的初等函数->一次函数的图像与性质,一次函数的图像与性质
10170,函数与分析->初等函数->特殊的初等函数->二次函数->二次函数的概念->二次函数$y=ax^2$的图像和性质,二次函数$y=ax^2$的图像和性质
10171,函数与分析->初等函数->特殊的初等函数->二次函数->二次函数的概念->二次函数$y=a(x-h)^2+k$的图像和性质,二次函数$y=a(x-h)^2+k$的图像和性质
10172,"函数与分析->初等函数->特殊的初等函数->二次函数->二次函数的概念->二次函数$y=ax^2+bx+c$的图像和性质 ","二次函数$y=ax^2+bx+c$的图像和性质 "
10173,"函数与分析->初等函数->特殊的初等函数->函数$f(x)=ax+\frac{b}{x}$的性质与图像","函数$f(x)=ax+\frac{b}{x}$的性质与图像"
10174,"函数与分析->初等函数->特殊的初等函数->函数$f(x)=\frac{ax+b}{cx+d}$的性质与图像","函数$f(x)=\frac{ax+b}{cx+d}$的性质与图像"
10176,函数与分析->其他特殊函数->分段函数,分段函数
10177,函数与分析->其他特殊函数->取整函数,取整函数
10178,函数与分析->其他特殊函数->抽象函数,抽象函数
10180,函数与分析->微积分->导数的概念,导数的概念
10181,函数与分析->微积分->导数的计算,导数的计算
10182,函数与分析->微积分->用导数研究函数的单调性、最值,用导数研究函数的单调性、最值
10183,函数与分析->微积分->定积分的概念,定积分的概念
10184,函数与分析->微积分->微积分的基本定理,微积分的基本定理
10185,函数与分析->微积分->用定积分求图形面积,用定积分求图形面积
10188,应用数学与数学文化->算法->算法的概念,算法的概念
10190,应用数学与数学文化->算法->常用算法->秦九韶算法,秦九韶算法
10191,应用数学与数学文化->算法->常用算法->辗转相除法(欧几里得算法),辗转相除法(欧几里得算法)
10192,应用数学与数学文化->算法->常用算法->二分法,二分法
10193,应用数学与数学文化->算法->常用算法->牛顿切线法,牛顿切线法
10194,应用数学与数学文化->算法->常用算法->进位制转换,进位制转换
10195,应用数学与数学文化->算法->算法框图,算法框图
10196,应用数学与数学文化->算法->计算器的使用,计算器的使用
10198,应用数学与数学文化->数值计算->科学计数法,科学计数法
10199,应用数学与数学文化->数值计算->有效数字,有效数字
10200,应用数学与数学文化->数值计算->近似数,近似数
10202,应用数学与数学文化->组合计数->加法原理(分类),加法原理(分类)
10203,应用数学与数学文化->组合计数->乘法原理(分步),乘法原理(分步)
10204,应用数学与数学文化->组合计数->排列数公式及性质,排列数公式及性质
10205,应用数学与数学文化->组合计数->组合数公式及性质,组合数公式及性质
10206,应用数学与数学文化->组合计数->排列组合问题,排列组合问题
10208,应用数学与数学文化->组合计数->常见排列组合模型->球盒模型,球盒模型
10209,应用数学与数学文化->组合计数->常见排列组合模型->染色模型,染色模型
10210,应用数学与数学文化->组合计数->常见排列组合模型->指派模型,指派模型
10211,应用数学与数学文化->组合计数->容斥原理,容斥原理
10212,"应用数学与数学文化->组合计数->抽屉原理 ","抽屉原理 "
10213,应用数学与数学文化->组合计数->二项式定理,二项式定理
10217,应用数学与数学文化->概率与统计->概率->随机事件->随机事件的基本概念,随机事件的基本概念
10219,应用数学与数学文化->概率与统计->概率->随机事件->随机事件间的关系->互斥事件、对立事件,互斥事件、对立事件
10220,应用数学与数学文化->概率与统计->概率->随机事件->随机事件间的关系->相互独立事件,相互独立事件
10222,应用数学与数学文化->概率与统计->概率->随机事件->随机事件的运算->事件和(并),事件和(并)
10223,应用数学与数学文化->概率与统计->概率->随机事件->随机事件的运算->事件积(交),事件积(交)
10225,应用数学与数学文化->概率与统计->概率->概率的定义->统计定义(频率),统计定义(频率)
10226,应用数学与数学文化->概率与统计->概率->概率的定义->古典概型,古典概型
10227,应用数学与数学文化->概率与统计->概率->概率的定义->几何概型,几何概型
10228,应用数学与数学文化->概率与统计->概率->概率的定义->公理化定义,公理化定义
10229,应用数学与数学文化->概率与统计->概率->条件概率,条件概率
10231,应用数学与数学文化->概率与统计->概率->概率的性质->概率加法公式,概率加法公式
10232,应用数学与数学文化->概率与统计->概率->概率的性质->概率乘法公式,概率乘法公式
10233,应用数学与数学文化->概率与统计->概率->概率的性质->全概率公式,全概率公式
10234,应用数学与数学文化->概率与统计->概率->概率的性质->贝叶斯公式,贝叶斯公式
10236,应用数学与数学文化->概率与统计->概率->随机变量->随机变量的定义,随机变量的定义
10238,应用数学与数学文化->概率与统计->概率->随机变量->随机变量的特征->离散型随机变量的期望,离散型随机变量的期望
10239,应用数学与数学文化->概率与统计->概率->随机变量->随机变量的特征->连续型随机变量的期望,连续型随机变量的期望
10240,应用数学与数学文化->概率与统计->概率->随机变量->随机变量的特征->离散型随机变量的分布列,离散型随机变量的分布列
10241,应用数学与数学文化->概率与统计->概率->随机变量->随机变量的特征->连续型随机变量的密度函数,连续型随机变量的密度函数
10242,应用数学与数学文化->概率与统计->概率->随机变量->随机变量的特征->连续型随机变量的分布函数,连续型随机变量的分布函数
10244,应用数学与数学文化->概率与统计->概率->随机变量->常见随机变量的分布->独立重复试验与二项分布,独立重复试验与二项分布
10245,应用数学与数学文化->概率与统计->概率->随机变量->常见随机变量的分布->正态分布及其曲线,正态分布及其曲线
10246,应用数学与数学文化->概率与统计->概率->随机变量->常见随机变量的分布->泊松分布,泊松分布
10247,应用数学与数学文化->概率与统计->概率->随机变量->常见随机变量的分布->超几何分布,超几何分布
10248,应用数学与数学文化->概率与统计->概率->用频率估计概率,用频率估计概率
10251,应用数学与数学文化->概率与统计->统计->描述性统计量->（加权）平均数,（加权）平均数
10252,应用数学与数学文化->概率与统计->统计->描述性统计量->分位数,分位数
10253,应用数学与数学文化->概率与统计->统计->描述性统计量->中位数、众数,中位数、众数
10254,应用数学与数学文化->概率与统计->统计->描述性统计量->方差、标准差、极差,方差、标准差、极差
10255,应用数学与数学文化->概率与统计->统计->描述性统计量->统计量的选择,统计量的选择
10256,应用数学与数学文化->概率与统计->统计->描述性统计量->协方差,协方差
10257,应用数学与数学文化->概率与统计->统计->描述性统计量->相关系数,相关系数
10259,应用数学与数学文化->概率与统计->统计->抽样调查->抽样调查的相关概念,抽样调查的相关概念
10261,应用数学与数学文化->概率与统计->统计->抽样调查->抽样调查的过程与方法->简单随机抽样法,简单随机抽样法
10262,应用数学与数学文化->概率与统计->统计->抽样调查->抽样调查的过程与方法->系统抽样法,系统抽样法
10263,应用数学与数学文化->概率与统计->统计->抽样调查->抽样调查的过程与方法->分层抽样法,分层抽样法
10264,"应用数学与数学文化->概率与统计->统计->抽样调查-> 用样本估计总体"," 用样本估计总体"
10266,应用数学与数学文化->概率与统计->统计->频数与频率->频数与频率的概念,频数与频率的概念
10267,应用数学与数学文化->概率与统计->统计->频数与频率->频数（率）分布表,频数（率）分布表
10268,应用数学与数学文化->概率与统计->统计->频数与频率->频数（率）分布直方图,频数（率）分布直方图
10269,应用数学与数学文化->概率与统计->统计->频数与频率->频数（率）分布折线图,频数（率）分布折线图
10271,应用数学与数学文化->概率与统计->统计->统计图表->折线图,折线图
10272,应用数学与数学文化->概率与统计->统计->统计图表->柱状图,柱状图
10273,应用数学与数学文化->概率与统计->统计->统计图表->扇形图,扇形图
10274,应用数学与数学文化->概率与统计->统计->统计图表->茎叶图,茎叶图
10275,应用数学与数学文化->概率与统计->统计->统计图表->散点图,散点图
10276,应用数学与数学文化->概率与统计->统计->统计图表->其他统计图,其他统计图
10277,应用数学与数学文化->概率与统计->统计->统计图表->统计图的选择,统计图的选择
10280,应用数学与数学文化->概率与统计->统计->统计推断->回归分析->线性回归方程,线性回归方程
10281,应用数学与数学文化->概率与统计->统计->统计推断->回归分析->最小二乘法,最小二乘法
10283,应用数学与数学文化->概率与统计->统计->统计推断->假设检验->独立性检验,独立性检验
10285,应用数学与数学文化->最优化问题->线性规划,线性规划
10286,应用数学与数学文化->最优化问题->非线性规划,非线性规划
10287,应用数学与数学文化->数学应用题,数学应用题
10289,应用数学与数学文化->数学史->数系扩张,数系扩张
10290,应用数学与数学文化->学习型问题,学习型问题
10291,应用数学与数学文化->跨学科思维,跨学科思维
10293,应用数学与数学文化->数学思想->归纳-猜想-证明,归纳-猜想-证明
10294,应用数学与数学文化->数学思想->数形结合,数形结合
10295,应用数学与数学文化->数学思想->转化化归,转化化归
10296,应用数学与数学文化->数学思想->分类,分类
10297,应用数学与数学文化->数学思想->类比,类比
10298,应用数学与数学文化->数学思想->函数思想,函数思想
10299,应用数学与数学文化->数学思想->方程思想,方程思想
10300,应用数学与数学文化->数学思想->代数思想,代数思想
10302,应用数学与数学文化->常用数学方法->枚举法,枚举法
10303,应用数学与数学文化->常用数学方法->极端法,极端法
10304,应用数学与数学文化->常用数学方法->数学归纳法,数学归纳法
10307,数与运算->数的相关概念->正数和负数,正数和负数
10308,数与运算->数的相关概念->数轴,数轴
10310,"数与运算->数的相关概念->有理数的相关概念->小数 ","小数 "
10311,数与运算->数的相关概念->有理数的相关概念->有理数、无理数的定义,有理数、无理数的定义
10313,数与运算->数的相关概念->复数的相关概念->(纯)虚数、实部、虚部,(纯)虚数、实部、虚部
10314,数与运算->数的相关概念->复数的相关概念->复数的几何意义,复数的几何意义
10315,"数与运算->数的相关概念->复数的相关概念->复数的三角形式 ","复数的三角形式 "
10317,"数与运算->数的相关运算->绝对值与模运算 ","绝对值与模运算 "
10318,"数与运算->数的相关运算->取反与相反数 ","取反与相反数 "
10320,数与运算->数的相关运算->幂(指数、乘方)运算->正数指数幂,正数指数幂
10321,数与运算->数的相关运算->幂(指数、乘方)运算->整数指数幂,整数指数幂
10322,"数与运算->数的相关运算->幂(指数、乘方)运算->有理指数幂 ","有理指数幂 "
10324,数与运算->数的相关运算->幂(指数、乘方)运算->开方->平方根和开平方,平方根和开平方
10325,数与运算->数的相关运算->幂(指数、乘方)运算->开方->立方根和开立方,立方根和开立方
10326,数与运算->数的相关运算->幂(指数、乘方)运算->开方->n次方根,n次方根
10327,数与运算->数的相关运算->加法运算,加法运算
10328,数与运算->数的相关运算->减法运算,减法运算
10329,数与运算->数的相关运算->乘法运算,乘法运算
10330,数与运算->数的相关运算->除法运算,除法运算
10331,数与运算->数的相关运算->综合运算,综合运算
10333,数与运算->数系扩张->自然数,自然数
10334,数与运算->数系扩张->整数,整数
10335,数与运算->数系扩张->有理数,有理数
10336,数与运算->数系扩张->实数,实数
10337,"数与运算->数系扩张->复数 ","复数 "
10340,图形与几何->基本图形、几何体的概念及性质->点、线、面、体的概念,点、线、面、体的概念
10341,图形与几何->基本图形、几何体的概念及性质->直线、射线、线段,直线、射线、线段
10343,图形与几何->基本图形、几何体的概念及性质->角->角的定义及其表示,角的定义及其表示
10344,图形与几何->基本图形、几何体的概念及性质->角->角的比较和运算,角的比较和运算
10345,图形与几何->基本图形、几何体的概念及性质->角->余角与补角,余角与补角
10346,图形与几何->基本图形、几何体的概念及性质->角平分线的定义及性质,角平分线的定义及性质
10347,图形与几何->基本图形、几何体的概念及性质->中垂线的定义及性质,中垂线的定义及性质
10349,图形与几何->基本图形、几何体的概念及性质->相交直线的角->同位角、内错角、同旁内角,同位角、内错角、同旁内角
10350,图形与几何->基本图形、几何体的概念及性质->相交直线的角->邻补角、对顶角,邻补角、对顶角
10352,图形与几何->基本图形、几何体的概念及性质->三角形->三角形的边、高、中线、角平分线,三角形的边、高、中线、角平分线
10353,图形与几何->基本图形、几何体的概念及性质->三角形->三角形的内(外)角,三角形的内(外)角
10354,图形与几何->基本图形、几何体的概念及性质->三角形->等腰三角形的性质及判定,等腰三角形的性质及判定
10355,图形与几何->基本图形、几何体的概念及性质->三角形->等边三角形的性质及判定,等边三角形的性质及判定
10357,图形与几何->基本图形、几何体的概念及性质->三角形->直角三角形->勾股定理,勾股定理
10358,图形与几何->基本图形、几何体的概念及性质->三角形->直角三角形->勾股定理的逆定理,勾股定理的逆定理
10359,图形与几何->基本图形、几何体的概念及性质->三角形->三角形的中位线,三角形的中位线
10361,图形与几何->基本图形、几何体的概念及性质->(凸)多边形->(凸)多边形的定义,(凸)多边形的定义
10362,图形与几何->基本图形、几何体的概念及性质->(凸)多边形->(凸)多边形的内(外)角和,(凸)多边形的内(外)角和
10364,图形与几何->基本图形、几何体的概念及性质->投影与视图->投影,投影
10365,图形与几何->基本图形、几何体的概念及性质->投影与视图->三视图,三视图
10366,图形与几何->基本图形、几何体的概念及性质->投影与视图->直观图,直观图
10369,图形与几何->基本图形、几何体的概念及性质->四边形->平行四边形->平行四边形的性质,平行四边形的性质
10370,图形与几何->基本图形、几何体的概念及性质->四边形->平行四边形->平行四边形的判定,平行四边形的判定
10372,图形与几何->基本图形、几何体的概念及性质->四边形->矩形->矩形的性质,矩形的性质
10373,图形与几何->基本图形、几何体的概念及性质->四边形->矩形->矩形的判定,矩形的判定
10375,图形与几何->基本图形、几何体的概念及性质->四边形->菱形->菱形的性质,菱形的性质
10376,图形与几何->基本图形、几何体的概念及性质->四边形->菱形->菱形的判定,菱形的判定
10378,图形与几何->基本图形、几何体的概念及性质->四边形->正方形->正方形的性质,正方形的性质
10379,图形与几何->基本图形、几何体的概念及性质->四边形->正方形->正方形的判定,正方形的判定
10381,图形与几何->基本图形、几何体的概念及性质->四边形->梯形->梯形的性质,梯形的性质
10382,图形与几何->基本图形、几何体的概念及性质->四边形->梯形->梯形的判定,梯形的判定
10384,图形与几何->基本图形、几何体的概念及性质->四边形->梯形->等腰梯形->等腰梯形的性质,等腰梯形的性质
10385,图形与几何->基本图形、几何体的概念及性质->四边形->梯形->等腰梯形->等腰梯形的判定,等腰梯形的判定
10386,图形与几何->基本图形、几何体的概念及性质->四边形->梯形->梯形的中位线,梯形的中位线
10388,图形与几何->基本图形、几何体的概念及性质->圆->圆的定义,圆的定义
10389,图形与几何->基本图形、几何体的概念及性质->圆->圆心角、弧、弦、弦心距的概念及联系,圆心角、弧、弦、弦心距的概念及联系
10390,图形与几何->基本图形、几何体的概念及性质->圆->垂径定理,垂径定理
10391,图形与几何->基本图形、几何体的概念及性质->圆->圆心角与圆周角,圆心角与圆周角
10392,图形与几何->基本图形、几何体的概念及性质->圆->圆的切线的定义及性质,圆的切线的定义及性质
10394,图形与几何->基本图形、几何体的概念及性质->圆->与圆有关的比例线段->相交弦定理,相交弦定理
10395,图形与几何->基本图形、几何体的概念及性质->圆->与圆有关的比例线段->割线定理,割线定理
10396,图形与几何->基本图形、几何体的概念及性质->圆->与圆有关的比例线段->切割线定理,切割线定理
10397,图形与几何->基本图形、几何体的概念及性质->圆->与圆有关的比例线段->切线长定理,切线长定理
10398,图形与几何->基本图形、几何体的概念及性质->圆->圆的内接多边形,圆的内接多边形
10399,图形与几何->基本图形、几何体的概念及性质->正多边形与圆,正多边形与圆
10401,图形与几何->空间几何体->多面体（棱柱、棱锥）,多面体（棱柱、棱锥）
10402,图形与几何->空间几何体->旋转体（圆柱、圆锥）,旋转体（圆柱、圆锥）
10403,图形与几何->空间几何体->球,球
10404,图形与几何->空间几何体->截面,截面
10405,图形与几何->空间几何体->平面的性质（3个公理）,平面的性质（3个公理）
10408,图形与几何->几何量->锐角三角函数(比)->锐角三角函数(比)的定义,锐角三角函数(比)的定义
10409,图形与几何->几何量->锐角三角函数(比)->解直角三角形,解直角三角形
10411,图形与几何->几何量->解三角形->正弦定理,正弦定理
10412,图形与几何->几何量->解三角形->余弦定理,余弦定理
10413,图形与几何->几何量->解三角形->海伦公式,海伦公式
10414,"图形与几何->几何量->解三角形->三角形面积公式$\dfrac{1}{2}ab\sin C$","三角形面积公式$\dfrac{1}{2}ab\sin C$"
10416,图形与几何->几何量->与圆有关的几何量->弧长公式(弧度制),弧长公式(弧度制)
10417,图形与几何->几何量->与圆有关的几何量->弧长公式(角度制),弧长公式(角度制)
10418,图形与几何->几何量->与圆有关的几何量->扇形面积公式(弧度制),扇形面积公式(弧度制)
10419,图形与几何->几何量->与圆有关的几何量->扇形面积公式(角度制),扇形面积公式(角度制)
10420,图形与几何->几何量->与圆有关的几何量->圆的周长,圆的周长
10421,图形与几何->几何量->与圆有关的几何量->圆的面积,圆的面积
10423,图形与几何->几何量->空间几何量->空间两条直线所成的角,空间两条直线所成的角
10424,图形与几何->几何量->空间几何量->空间直线与平面所成的角,空间直线与平面所成的角
10425,图形与几何->几何量->空间几何量->二面角,二面角
10426,图形与几何->几何量->空间几何量->空间点与平面的距离,空间点与平面的距离
10427,图形与几何->几何量->空间几何量->表面积（侧面积）,表面积（侧面积）
10428,图形与几何->几何量->空间几何量->体积,体积
10429,图形与几何->几何量->空间几何量->球面距离,球面距离
10434,图形与几何->几何关系->位置关系->直线与直线的位置关系->直线相交->直线相交,直线相交
10435,图形与几何->几何关系->位置关系->直线与直线的位置关系->直线相交->直线垂直,直线垂直
10437,图形与几何->几何关系->位置关系->直线与直线的位置关系->直线平行->平行线的定义及判定,平行线的定义及判定
10439,图形与几何->几何关系->位置关系->直线与直线的位置关系->直线平行->平行线的性质->平行线分线段成比例,平行线分线段成比例
10440,图形与几何->几何关系->位置关系->直线与直线的位置关系->直线平行->平行线的性质->三线八角,三线八角
10442,图形与几何->几何关系->位置关系->直线与直线的位置关系->异面直线->长方体中的异面直线,长方体中的异面直线
10443,图形与几何->几何关系->位置关系->点与圆的位置关系,点与圆的位置关系
10444,图形与几何->几何关系->位置关系->直线与圆的位置关系,直线与圆的位置关系
10445,图形与几何->几何关系->位置关系->圆与圆的位置关系,圆与圆的位置关系
10447,图形与几何->几何关系->位置关系->直线与平面的位置关系->直线与平面平行的判定与性质,直线与平面平行的判定与性质
10448,图形与几何->几何关系->位置关系->直线与平面的位置关系->直线与平面垂直的判定与性质,直线与平面垂直的判定与性质
10450,图形与几何->几何关系->位置关系->平面与平面的位置关系->平面与平面平行的判定与性质,平面与平面平行的判定与性质
10451,图形与几何->几何关系->位置关系->平面与平面的位置关系->平面与平面垂直的判定与性质,平面与平面垂直的判定与性质
10452,图形与几何->几何关系->位置关系->点与直线的位置关系,点与直线的位置关系
10453,图形与几何->几何关系->位置关系->点与平面的位置关系,点与平面的位置关系
10455,图形与几何->几何关系->全等三角形->全等三角形的定义及判定,全等三角形的定义及判定
10456,图形与几何->几何关系->全等三角形->全等三角形的性质,全等三角形的性质
10457,图形与几何->几何关系->图形的相似,图形的相似
10459,"图形与几何->几何关系->相似三角形->相似三角形的判定 ","相似三角形的判定 "
10460,图形与几何->几何关系->相似三角形->相似三角形的性质,相似三角形的性质
10461,图形与几何->几何关系->图形的位似,图形的位似
10463,图形与几何->图形的运动->动点轨迹,动点轨迹
10464,图形与几何->图形的运动->几何不动点(恒过定点),几何不动点(恒过定点)
10465,图形与几何->图形的运动->几何极值,几何极值
10467,图形与几何->图形的几何变换->平移,平移
10468,图形与几何->图形的几何变换->旋转,旋转
10469,图形与几何->图形的几何变换->翻折,翻折
10471,图形与几何->图形的几何特征->轴对称图形,轴对称图形
10472,图形与几何->图形的几何特征->中心对称图形,中心对称图形
10473,图形与几何->图形的几何特征->旋转对称图形,旋转对称图形
10475,图形与几何->解析几何->平面直角坐标系及点的坐标,平面直角坐标系及点的坐标
10476,图形与几何->解析几何->曲线轨迹与方程,曲线轨迹与方程
10478,图形与几何->解析几何->二次曲线的方程->椭圆的方程及其性质,椭圆的方程及其性质
10479,图形与几何->解析几何->二次曲线的方程->双曲线方程及其性质,双曲线方程及其性质
10480,图形与几何->解析几何->二次曲线的方程->圆的方程及其性质,圆的方程及其性质
10481,图形与几何->解析几何->二次曲线的方程->抛物线方程及其性质,抛物线方程及其性质
10482,图形与几何->解析几何->直线的方程及其性质,直线的方程及其性质
10483,图形与几何->解析几何->空间直线的方向向量,空间直线的方向向量
10484,图形与几何->解析几何->平面的法向量,平面的法向量
10485,图形与几何->解析几何->参数方程,参数方程
10486,图形与几何->解析几何->极坐标方程,极坐标方程
10487,图形与几何->解析几何->坐标系变换,坐标系变换
30,图形与几何->向量几何->高中数学->方程与代数(高中)->集合->集合的概念及其表示方法,集合的概念及其表示方法
31,图形与几何->向量几何->高中数学->方程与代数(高中)->集合->集合之间的关系,集合之间的关系
32,图形与几何->向量几何->高中数学->方程与代数(高中)->集合->集合的运算,集合的运算
204,图形与几何->向量几何->高中数学->方程与代数(高中)->集合->元素和集合的关系,元素和集合的关系
33,图形与几何->向量几何->高中数学->方程与代数(高中)->命题->命题的形式及等价关系,命题的形式及等价关系
34,图形与几何->向量几何->高中数学->方程与代数(高中)->命题->充分条件、必要条件,充分条件、必要条件
111,图形与几何->向量几何->高中数学->方程与代数(高中)->命题->子集与推出关系,子集与推出关系
209,图形与几何->向量几何->高中数学->方程与代数(高中)->命题->命题的概念与其真假,命题的概念与其真假
52,图形与几何->向量几何->高中数学->方程与代数(高中)->不等式->不等式的基本性质,不等式的基本性质
53,图形与几何->向量几何->高中数学->方程与代数(高中)->不等式->一元二次不等式的解法,一元二次不等式的解法
54,图形与几何->向量几何->高中数学->方程与代数(高中)->不等式->分式不等式的解法,分式不等式的解法
55,图形与几何->向量几何->高中数学->方程与代数(高中)->不等式->含有绝对值的不等式的解法,含有绝对值的不等式的解法
56,图形与几何->向量几何->高中数学->方程与代数(高中)->不等式->基本(均值)不等式及其应用,基本(均值)不等式及其应用
182,图形与几何->向量几何->高中数学->方程与代数(高中)->不等式->不等式的证明,不等式的证明
196,图形与几何->向量几何->高中数学->方程与代数(高中)->不等式->一次不等式的解法,一次不等式的解法
390,图形与几何->向量几何->高中数学->方程与代数(高中)->不等式->不等式的应用,不等式的应用
78,图形与几何->向量几何->高中数学->方程与代数(高中)->矩阵与行列式->矩阵的概念,矩阵的概念
79,图形与几何->向量几何->高中数学->方程与代数(高中)->矩阵与行列式->矩阵的运算,矩阵的运算
80,图形与几何->向量几何->高中数学->方程与代数(高中)->矩阵与行列式->二、三阶行列式的展开,二、三阶行列式的展开
81,图形与几何->向量几何->高中数学->方程与代数(高中)->矩阵与行列式->用行列式解线性方程组,用行列式解线性方程组
70,图形与几何->向量几何->高中数学->方程与代数(高中)->数列->数列的概念及通项,数列的概念及通项
71,图形与几何->向量几何->高中数学->方程与代数(高中)->数列->等差数列,等差数列
72,图形与几何->向量几何->高中数学->方程与代数(高中)->数列->等比数列,等比数列
73,图形与几何->向量几何->高中数学->方程与代数(高中)->数列->简单的递推数列,简单的递推数列
75,图形与几何->向量几何->高中数学->方程与代数(高中)->数列->数列极限的概念及运算,数列极限的概念及运算
77,图形与几何->向量几何->高中数学->方程与代数(高中)->数列->无穷等比数列的和,无穷等比数列的和
115,图形与几何->向量几何->高中数学->方程与代数(高中)->数列->数学归纳法,数学归纳法
116,图形与几何->向量几何->高中数学->方程与代数(高中)->数列->归纳-猜想-证明,归纳-猜想-证明
145,图形与几何->向量几何->高中数学->方程与代数(高中)->数列->数列求和,数列求和
165,图形与几何->向量几何->高中数学->方程与代数(高中)->数列->数列的应用,数列的应用
185,图形与几何->向量几何->高中数学->方程与代数(高中)->数列->数列的单调性及最值,数列的单调性及最值
322,图形与几何->向量几何->高中数学->方程与代数(高中)->数列->数列的周期性,数列的周期性
420,图形与几何->向量几何->高中数学->方程与代数(高中)->数列->前n项和与通项的关系,前n项和与通项的关系
113,图形与几何->向量几何->高中数学->方程与代数(高中)->算法->算法的概念及思想,算法的概念及思想
114,图形与几何->向量几何->高中数学->方程与代数(高中)->算法->程序框图,程序框图
142,图形与几何->向量几何->高中数学->方程与代数(高中)->线性规划->简单的线性规划,简单的线性规划
192,图形与几何->向量几何->高中数学->方程与代数(高中)->线性规划->平面区域的表示,平面区域的表示
386,图形与几何->向量几何->高中数学->方程与代数(高中)->线性规划->非线性规划,非线性规划
163,图形与几何->向量几何->高中数学->方程与代数(高中)->数论->不定方程,不定方程
58,图形与几何->向量几何->高中数学->函数与分析(高中)->三角函数(高中)->正余弦函数的性质与图像,正余弦函数的性质与图像
59,图形与几何->向量几何->高中数学->函数与分析(高中)->三角函数(高中)->正切函数的性质与图像,正切函数的性质与图像
60,"图形与几何->向量几何->高中数学->函数与分析(高中)->三角函数(高中)->函数$y=A\sin(\omega{}x+\phi)$的性质与图像","函数$y=A\sin(\omega{}x+\phi)$的性质与图像"
61,图形与几何->向量几何->高中数学->函数与分析(高中)->三角函数(高中)->反三角函数的性质与图像,反三角函数的性质与图像
62,图形与几何->向量几何->高中数学->函数与分析(高中)->三角函数(高中)->最简三角方程（不等式）,最简三角方程（不等式）
63,图形与几何->向量几何->高中数学->函数与分析(高中)->三角函数(高中)->解三角形(正余弦定理)及其应用,解三角形(正余弦定理)及其应用
64,图形与几何->向量几何->高中数学->函数与分析(高中)->三角函数(高中)->同角三角比关系,同角三角比关系
65,图形与几何->向量几何->高中数学->函数与分析(高中)->三角函数(高中)->诱导公式,诱导公式
66,图形与几何->向量几何->高中数学->函数与分析(高中)->三角函数(高中)->两角和与差的正弦、余弦、正切,两角和与差的正弦、余弦、正切
67,图形与几何->向量几何->高中数学->函数与分析(高中)->三角函数(高中)->二倍角及半角的正弦、余弦、正切,二倍角及半角的正弦、余弦、正切
68,图形与几何->向量几何->高中数学->函数与分析(高中)->三角函数(高中)->弧度制、任意角及其度量,弧度制、任意角及其度量
69,图形与几何->向量几何->高中数学->函数与分析(高中)->三角函数(高中)->任意角的三角比（三角函数线及其应用）,任意角的三角比（三角函数线及其应用）
100,图形与几何->向量几何->高中数学->函数与分析(高中)->三角函数(高中)->辅助角公式,辅助角公式
279,图形与几何->向量几何->高中数学->函数与分析(高中)->三角函数(高中)->弧长及扇形面积公式（弧度制）,弧长及扇形面积公式（弧度制）
399,图形与几何->向量几何->高中数学->函数与分析(高中)->三角函数(高中)->万能置换公式,万能置换公式
437,图形与几何->向量几何->高中数学->函数与分析(高中)->三角函数(高中)->三角函数的应用,三角函数的应用
35,图形与几何->向量几何->高中数学->函数与分析(高中)->函数（高中）->函数及其基本性质->函数的概念,函数的概念
36,图形与几何->向量几何->高中数学->函数与分析(高中)->函数（高中）->函数及其基本性质->函数的运算,函数的运算
38,图形与几何->向量几何->高中数学->函数与分析(高中)->函数（高中）->函数及其基本性质->函数的奇偶性,函数的奇偶性
39,图形与几何->向量几何->高中数学->函数与分析(高中)->函数（高中）->函数及其基本性质->函数的单调性,函数的单调性
40,图形与几何->向量几何->高中数学->函数与分析(高中)->函数（高中）->函数及其基本性质->函数的最值及值域,函数的最值及值域
42,图形与几何->向量几何->高中数学->函数与分析(高中)->函数（高中）->函数及其基本性质->函数的零点,函数的零点
43,图形与几何->向量几何->高中数学->函数与分析(高中)->函数（高中）->函数及其基本性质->函数的图像,函数的图像
44,图形与几何->向量几何->高中数学->函数与分析(高中)->函数（高中）->函数及其基本性质->函数的周期性,函数的周期性
90,图形与几何->向量几何->高中数学->函数与分析(高中)->函数（高中）->函数及其基本性质->反函数的概念与性质,反函数的概念与性质
147,图形与几何->向量几何->高中数学->函数与分析(高中)->函数（高中）->函数及其基本性质->复合函数的概念与性质,复合函数的概念与性质
202,图形与几何->向量几何->高中数学->函数与分析(高中)->函数（高中）->函数及其基本性质->函数的定义域,函数的定义域
742,图形与几何->向量几何->高中数学->函数与分析(高中)->函数（高中）->函数及其基本性质->函数图像的对称性,函数图像的对称性
45,图形与几何->向量几何->高中数学->函数与分析(高中)->函数（高中）->幂函数及其运算->幂函数的性质与图像,幂函数的性质与图像
46,图形与几何->向量几何->高中数学->函数与分析(高中)->函数（高中）->幂函数及其运算->二次函数的性质图像,二次函数的性质图像
99,"图形与几何->向量几何->高中数学->函数与分析(高中)->函数（高中）->幂函数及其运算->函数$y=ax+\frac{b}{x}$的性质与图像","函数$y=ax+\frac{b}{x}$的性质与图像"
148,图形与几何->向量几何->高中数学->函数与分析(高中)->函数（高中）->幂函数及其运算->一元二次方程根的分布,一元二次方程根的分布
184,图形与几何->向量几何->高中数学->函数与分析(高中)->函数（高中）->幂函数及其运算->分式函数,分式函数
48,图形与几何->向量几何->高中数学->函数与分析(高中)->函数（高中）->指数函数与对数函数->指数函数的性质与图像,指数函数的性质与图像
49,图形与几何->向量几何->高中数学->函数与分析(高中)->函数（高中）->指数函数与对数函数->对数函数的性质与图像,对数函数的性质与图像
50,图形与几何->向量几何->高中数学->函数与分析(高中)->函数（高中）->指数函数与对数函数->指对数方程不等式,指对数方程不等式
51,图形与几何->向量几何->高中数学->函数与分析(高中)->函数（高中）->指数函数与对数函数->对数的概念及运算,对数的概念及运算
117,图形与几何->向量几何->高中数学->函数与分析(高中)->函数（高中）->函数的应用,函数的应用
153,图形与几何->向量几何->高中数学->函数与分析(高中)->函数（高中）->方程(不等式)恒成立(有解)问题,方程(不等式)恒成立(有解)问题
183,图形与几何->向量几何->高中数学->函数与分析(高中)->函数（高中）->绝对值函数,绝对值函数
319,图形与几何->向量几何->高中数学->函数与分析(高中)->函数（高中）->分段函数,分段函数
92,图形与几何->向量几何->高中数学->图形与几何(高中)->解析几何->椭圆的方程及其性质,椭圆的方程及其性质
93,图形与几何->向量几何->高中数学->图形与几何(高中)->解析几何->双曲线的方程及其性质,双曲线的方程及其性质
94,图形与几何->向量几何->高中数学->图形与几何(高中)->解析几何->抛物线的方程及其性质,抛物线的方程及其性质
105,图形与几何->向量几何->高中数学->图形与几何(高中)->解析几何->圆的方程与性质,圆的方程与性质
107,图形与几何->向量几何->高中数学->图形与几何(高中)->解析几何->曲线（轨迹）与方程,曲线（轨迹）与方程
119,图形与几何->向量几何->高中数学->图形与几何(高中)->解析几何->平面直线的方程与性质->平面直线方程的各种形式及特征量,平面直线方程的各种形式及特征量
121,图形与几何->向量几何->高中数学->图形与几何(高中)->解析几何->平面直线的方程与性质->平面两直线的平行与垂直关系,平面两直线的平行与垂直关系
122,图形与几何->向量几何->高中数学->图形与几何(高中)->解析几何->平面直线的方程与性质->平面点到直线的距离,平面点到直线的距离
123,图形与几何->向量几何->高中数学->图形与几何(高中)->解析几何->平面直线的方程与性质->平面两直线的夹角,平面两直线的夹角
134,图形与几何->向量几何->高中数学->图形与几何(高中)->解析几何->参数方程,参数方程
135,图形与几何->向量几何->高中数学->图形与几何(高中)->解析几何->极坐标与极坐标方程,极坐标与极坐标方程
166,图形与几何->向量几何->高中数学->图形与几何(高中)->解析几何->坐标系变换,坐标系变换
173,图形与几何->向量几何->高中数学->图形与几何(高中)->解析几何->图像的平移、旋转、对称、伸缩变换,图像的平移、旋转、对称、伸缩变换
395,图形与几何->向量几何->高中数学->图形与几何(高中)->解析几何->动态圆锥曲线问题的性质证明,动态圆锥曲线问题的性质证明
983,图形与几何->向量几何->高中数学->图形与几何(高中)->解析几何->离心率,离心率
156,图形与几何->向量几何->高中数学->图形与几何(高中)->立体几何->简单几何体->多面体（棱柱、棱锥）,多面体（棱柱、棱锥）
157,图形与几何->向量几何->高中数学->图形与几何(高中)->立体几何->简单几何体->旋转体（圆柱、圆锥、球）,旋转体（圆柱、圆锥、球）
503,图形与几何->向量几何->高中数学->图形与几何(高中)->立体几何->简单几何体->面截体,面截体
218,图形与几何->向量几何->高中数学->图形与几何(高中)->立体几何->空间图形->空间平面与平面的位置关系->二面角,二面角
957,图形与几何->向量几何->高中数学->图形与几何(高中)->立体几何->空间图形->空间平面与平面的位置关系->空间平面与平面垂直的性质及判定,空间平面与平面垂直的性质及判定
958,图形与几何->向量几何->高中数学->图形与几何(高中)->立体几何->空间图形->空间平面与平面的位置关系->空间平面与平面平行的性质与判定,空间平面与平面平行的性质与判定
128,图形与几何->向量几何->高中数学->图形与几何(高中)->立体几何->空间图形->平面的概念、性质及表示,平面的概念、性质及表示
219,图形与几何->向量几何->高中数学->图形与几何(高中)->立体几何->空间图形->空间直线与平面的位置关系->线面角,线面角
745,图形与几何->向量几何->高中数学->图形与几何(高中)->立体几何->空间图形->空间直线与平面的位置关系->空间直线与平面垂直的判定及性质,空间直线与平面垂直的判定及性质
746,"图形与几何->向量几何->高中数学->图形与几何(高中)->立体几何->空间图形->空间直线与平面的位置关系->空间直线与平面平行的判定及性质	","空间直线与平面平行的判定及性质	"
220,图形与几何->向量几何->高中数学->图形与几何(高中)->立体几何->空间图形->空间直线与直线的位置关系->异面直线所成的角,异面直线所成的角
622,图形与几何->向量几何->高中数学->图形与几何(高中)->立体几何->空间图形->空间直线与直线的位置关系->异面直线的距离,异面直线的距离
744,图形与几何->向量几何->高中数学->图形与几何(高中)->立体几何->空间图形->空间直线与直线的位置关系->异面直线的概念,异面直线的概念
169,图形与几何->向量几何->高中数学->图形与几何(高中)->立体几何->空间图形->空间点到平面（直线）的距离,空间点到平面（直线）的距离
146,图形与几何->向量几何->高中数学->图形与几何(高中)->立体几何->三视图、直观图、投影,三视图、直观图、投影
168,图形与几何->向量几何->高中数学->图形与几何(高中)->立体几何->空间几何体的体积和表面积,空间几何体的体积和表面积
171,图形与几何->向量几何->高中数学->图形与几何(高中)->立体几何->球面距离,球面距离
82,图形与几何->向量几何->高中数学->图形与几何(高中)->向量几何->平面向量分解定理,平面向量分解定理
280,图形与几何->向量几何->高中数学->图形与几何(高中)->向量几何->平面向量的运算及关系->平面向量的数乘与平行,平面向量的数乘与平行
282,图形与几何->向量几何->高中数学->图形与几何(高中)->向量几何->平面向量的运算及关系->平面向量的数量积与垂直,平面向量的数量积与垂直
283,图形与几何->向量几何->高中数学->图形与几何(高中)->向量几何->平面向量的运算及关系->平面向量的加减法,平面向量的加减法
739,图形与几何->向量几何->高中数学->图形与几何(高中)->向量几何->平面向量的运算及关系->平面向量的夹角,平面向量的夹角
743,图形与几何->向量几何->高中数学->图形与几何(高中)->向量几何->平面向量的运算及关系->平面向量的模和平方,平面向量的模和平方
138,图形与几何->向量几何->高中数学->图形与几何(高中)->向量几何->空间向量的坐标表示及其坐标运算,空间向量的坐标表示及其坐标运算
281,图形与几何->向量几何->高中数学->图形与几何(高中)->向量几何->平面向量的坐标表示及坐标运算,平面向量的坐标表示及坐标运算
295,图形与几何->向量几何->高中数学->图形与几何(高中)->向量几何->平面向量的概念与表示,平面向量的概念与表示
296,图形与几何->向量几何->高中数学->图形与几何(高中)->向量几何->平面向量的应用,平面向量的应用
303,图形与几何->向量几何->高中数学->图形与几何(高中)->向量几何->空间向量的应用,空间向量的应用
426,图形与几何->向量几何->高中数学->图形与几何(高中)->向量几何->空间向量的概念与表示,空间向量的概念与表示
29,图形与几何->向量几何->高中数学->数据整理与概率统计(高中)->计数->二项式定理,二项式定理
103,图形与几何->向量几何->高中数学->数据整理与概率统计(高中)->计数->排列(数)与组合(数),排列(数)与组合(数)
104,图形与几何->向量几何->高中数学->数据整理与概率统计(高中)->计数->加法原理与乘法原理,加法原理与乘法原理
96,图形与几何->向量几何->高中数学->数据整理与概率统计(高中)->统计->随机抽样,随机抽样
154,图形与几何->向量几何->高中数学->数据整理与概率统计(高中)->统计->基本统计量,基本统计量
481,图形与几何->向量几何->高中数学->数据整理与概率统计(高中)->统计->频率分布直方图,频率分布直方图
102,图形与几何->向量几何->高中数学->数据整理与概率统计(高中)->概率->古典概型,古典概型
130,图形与几何->向量几何->高中数学->数据整理与概率统计(高中)->概率->对立事件、事件和与事件积的概率,对立事件、事件和与事件积的概率
133,图形与几何->向量几何->高中数学->数据整理与概率统计(高中)->概率->随机变量和数学期望,随机变量和数学期望
158,图形与几何->向量几何->高中数学->数据整理与概率统计(高中)->概率->概率与频率,概率与频率
86,图形与几何->向量几何->高中数学->数与运算(高中)->复数->复数的概念,复数的概念
87,图形与几何->向量几何->高中数学->数与运算(高中)->复数->复数的几何意义,复数的几何意义
88,图形与几何->向量几何->高中数学->数与运算(高中)->复数->复数的运算,复数的运算
89,图形与几何->向量几何->高中数学->数与运算(高中)->复数->实系数一元二次方程的解,实系数一元二次方程的解
737,图形与几何->向量几何->高中数学->数与运算(高中)->复数->复数的三角形式,复数的三角形式
199,图形与几何->向量几何->竞赛自招(高中)->非高考知识点->微分与积分->导数的计算,导数的计算
304,图形与几何->向量几何->竞赛自招(高中)->非高考知识点->微分与积分->利用导数求函数的最值,利用导数求函数的最值
321,图形与几何->向量几何->竞赛自招(高中)->非高考知识点->微分与积分->利用导数研究函数的单调性,利用导数研究函数的单调性
368,图形与几何->向量几何->竞赛自招(高中)->非高考知识点->微分与积分->利用导数处理生活中的优化问题,利用导数处理生活中的优化问题
373,图形与几何->向量几何->竞赛自招(高中)->非高考知识点->微分与积分->利用导数求函数的极值,利用导数求函数的极值
374,图形与几何->向量几何->竞赛自招(高中)->非高考知识点->微分与积分->利用导数研究函数的图象与性质,利用导数研究函数的图象与性质
377,图形与几何->向量几何->竞赛自招(高中)->非高考知识点->微分与积分->利用导数求函数的切线方程,利用导数求函数的切线方程
388,图形与几何->向量几何->竞赛自招(高中)->非高考知识点->微分与积分->定积分的概念与计算,定积分的概念与计算
427,图形与几何->向量几何->竞赛自招(高中)->非高考知识点->微分与积分->变化率与导数,变化率与导数
617,图形与几何->向量几何->竞赛自招(高中)->非高考知识点->微分与积分->导数与函数的图象,导数与函数的图象
695,图形与几何->向量几何->竞赛自招(高中)->非高考知识点->微分与积分->定积分在不等式证明中的应用,定积分在不等式证明中的应用
510,图形与几何->向量几何->竞赛自招(高中)->非高考知识点->线性代数->线性变换与二阶矩阵,线性变换与二阶矩阵
511,图形与几何->向量几何->竞赛自招(高中)->非高考知识点->线性代数->变换的复合与二阶矩阵的乘法,变换的复合与二阶矩阵的乘法
677,图形与几何->向量几何->竞赛自招(高中)->非高考知识点->线性代数->变换的不变量与矩阵的特征向量,变换的不变量与矩阵的特征向量
688,图形与几何->向量几何->竞赛自招(高中)->非高考知识点->线性代数->逆变换与逆矩阵,逆变换与逆矩阵
200,图形与几何->向量几何->竞赛自招(高中)->非高考知识点->集合与逻辑->映射,映射
211,图形与几何->向量几何->竞赛自招(高中)->非高考知识点->集合与逻辑->命题的逻辑运算,命题的逻辑运算
214,图形与几何->向量几何->竞赛自招(高中)->非高考知识点->集合与逻辑->全（特）称命题的概念与其真假,全（特）称命题的概念与其真假
738,"图形与几何->向量几何->竞赛自招(高中)->非高考知识点->集合与逻辑->全（特）称命题的否定与其真假	","全（特）称命题的否定与其真假	"
176,图形与几何->向量几何->竞赛自招(高中)->非高考知识点->概率统计(拓展)->假设检验,假设检验
177,图形与几何->向量几何->竞赛自招(高中)->非高考知识点->概率统计(拓展)->区间估计,区间估计
323,图形与几何->向量几何->竞赛自招(高中)->非高考知识点->概率统计(拓展)->几何概型,几何概型
475,图形与几何->向量几何->竞赛自招(高中)->非高考知识点->概率统计(拓展)->事件的独立性与条件概率,事件的独立性与条件概率
478,图形与几何->向量几何->竞赛自招(高中)->非高考知识点->概率统计(拓展)->独立重复试验与二项分布,独立重复试验与二项分布
514,图形与几何->向量几何->竞赛自招(高中)->非高考知识点->概率统计(拓展)->正态分布,正态分布
671,图形与几何->向量几何->竞赛自招(高中)->非高考知识点->概率统计(拓展)->线性回归,线性回归
704,图形与几何->向量几何->竞赛自招(高中)->非高考知识点->概率统计(拓展)->连续型随机变量的概念,连续型随机变量的概念
393,图形与几何->向量几何->竞赛自招(高中)->非高考知识点->解析几何(拓展)->椭圆和双曲线的第二定义,椭圆和双曲线的第二定义
641,图形与几何->向量几何->竞赛自招(高中)->非高考知识点->解析几何(拓展)->曲线系,曲线系
381,图形与几何->向量几何->竞赛自招(高中)->非高考知识点->不等式(拓展)->高次不等式的解法,高次不等式的解法
434,图形与几何->向量几何->竞赛自招(高中)->非高考知识点->不等式(拓展)->无理不等式的解法,无理不等式的解法
527,图形与几何->向量几何->竞赛自招(高中)->非高考知识点->不等式(拓展)->柯西不等式,柯西不等式
709,图形与几何->向量几何->竞赛自招(高中)->非高考知识点->不等式(拓展)->伯努利不等式,伯努利不等式
719,图形与几何->向量几何->竞赛自招(高中)->非高考知识点->不等式(拓展)->排序不等式,排序不等式
1157,图形与几何->向量几何->竞赛自招(高中)->非高考知识点->不等式(拓展)->切比雪夫不等式,切比雪夫不等式
155,图形与几何->向量几何->竞赛自招(高中)->非高考知识点->杂项(拓展)->积化和差与和差化积,积化和差与和差化积
394,图形与几何->向量几何->竞赛自招(高中)->非高考知识点->杂项(拓展)->圆锥曲线与圆柱(锥)的关系,圆锥曲线与圆柱(锥)的关系
732,图形与几何->向量几何->竞赛自招(高中)->非高考知识点->杂项(拓展)->抽象函数及函数方程,抽象函数及函数方程
981,图形与几何->向量几何->竞赛自招(高中)->应用数学（数学建模）->优化问题,优化问题
982,图形与几何->向量几何->竞赛自招(高中)->应用数学（数学建模）->随机过程,随机过程
150,图形与几何->向量几何->思想方法->分类讨论,分类讨论
151,图形与几何->向量几何->思想方法->数形结合,数形结合
152,图形与几何->向量几何->思想方法->换元法,换元法
167,图形与几何->向量几何->思想方法->反证法,反证法
967,图形与几何->向量几何->思想方法->学习型问题,学习型问题
1159,图形与几何->向量几何->思想方法->跨学科思维,跨学科思维
229,图形与几何->向量几何->初中数学->一次函数的解析式,一次函数的解析式
231,图形与几何->向量几何->初中数学->锐角三角形函数的概念,锐角三角形函数的概念
355,图形与几何->向量几何->初中数学->一次函数的图象与性质,一次函数的图象与性质
400,图形与几何->向量几何->初中数学->数与运算(初中)->有理数->有理数及其运算,有理数及其运算
568,图形与几何->向量几何->初中数学->数与运算(初中)->有理数->数的整除性,数的整除性
237,图形与几何->向量几何->初中数学->数与运算(初中)->实数->平方根,平方根
678,图形与几何->向量几何->初中数学->数与运算(初中)->实数->实数的概念与分类,实数的概念与分类
728,图形与几何->向量几何->初中数学->数与运算(初中)->实数->科学记数法,科学记数法
354,图形与几何->向量几何->初中数学->方程与代数(初中)->一次方程(组)和一次不等式(组)->一元一次方程及其解法,一元一次方程及其解法
443,图形与几何->向量几何->初中数学->方程与代数(初中)->一次方程(组)和一次不等式(组)->一元一次不等式(组)及其解法,一元一次不等式(组)及其解法
533,图形与几何->向量几何->初中数学->方程与代数(初中)->一次方程(组)和一次不等式(组)->一次方程(不等式)(组)的应用,一次方程(不等式)(组)的应用
611,图形与几何->向量几何->初中数学->方程与代数(初中)->一次方程(组)和一次不等式(组)->二元一次方程组及其解法,二元一次方程组及其解法
716,图形与几何->向量几何->初中数学->方程与代数(初中)->一次方程(组)和一次不等式(组)->三元一次方程组及其解法,三元一次方程组及其解法
335,图形与几何->向量几何->初中数学->方程与代数(初中)->整式与分式->列代数式,列代数式
417,图形与几何->向量几何->初中数学->方程与代数(初中)->整式与分式->分式的运算,分式的运算
441,图形与几何->向量几何->初中数学->方程与代数(初中)->整式与分式->因式分解,因式分解
532,图形与几何->向量几何->初中数学->方程与代数(初中)->整式与分式->代数式求值,代数式求值
534,图形与几何->向量几何->初中数学->方程与代数(初中)->整式与分式->代数式的概念,代数式的概念
618,图形与几何->向量几何->初中数学->方程与代数(初中)->整式与分式->分式的概念,分式的概念
686,图形与几何->向量几何->初中数学->方程与代数(初中)->整式与分式->整式及其运算,整式及其运算
261,图形与几何->向量几何->初中数学->方程与代数(初中)->一元二次方程->一元二次方程的解法,一元二次方程的解法
347,图形与几何->向量几何->初中数学->方程与代数(初中)->一元二次方程->一元二次方程根的判别式,一元二次方程根的判别式
619,图形与几何->向量几何->初中数学->方程与代数(初中)->一元二次方程->一元二次方程的概念,一元二次方程的概念
659,图形与几何->向量几何->初中数学->方程与代数(初中)->一元二次方程->一元二次方程综合,一元二次方程综合
676,图形与几何->向量几何->初中数学->方程与代数(初中)->简单的代数方程->无理方程,无理方程
680,图形与几何->向量几何->初中数学->方程与代数(初中)->简单的代数方程->分式方程,分式方程
684,图形与几何->向量几何->初中数学->方程与代数(初中)->简单的代数方程->二元二次方程组的解法,二元二次方程组的解法
643,图形与几何->向量几何->初中数学->图形与几何(初中)->长方体,长方体
711,图形与几何->向量几何->初中数学->图形与几何(初中)->直线、射线和线段,直线、射线和线段
277,图形与几何->向量几何->初中数学->图形与几何(初中)->圆与扇形->弧、弦、圆心角的关系定理,弧、弦、圆心角的关系定理
623,图形与几何->向量几何->初中数学->图形与几何(初中)->圆与扇形->扇形及其面积,扇形及其面积
250,图形与几何->向量几何->初中数学->图形与几何(初中)->相交直线与平行直线->平行线的性质,平行线的性质
276,图形与几何->向量几何->初中数学->图形与几何(初中)->相交直线与平行直线->平行线的判定,平行线的判定
520,图形与几何->向量几何->初中数学->图形与几何(初中)->相交直线与平行直线->三线八角,三线八角
238,图形与几何->向量几何->初中数学->图形与几何(初中)->三角形->相似三角形的性质与判定,相似三角形的性质与判定
243,图形与几何->向量几何->初中数学->图形与几何(初中)->三角形->等腰三角形,等腰三角形
245,图形与几何->向量几何->初中数学->图形与几何(初中)->三角形->全等三角形的性质与判定,全等三角形的性质与判定
246,图形与几何->向量几何->初中数学->图形与几何(初中)->三角形->等边三角形,等边三角形
248,图形与几何->向量几何->初中数学->图形与几何(初中)->三角形->三角形的中位线,三角形的中位线
260,图形与几何->向量几何->初中数学->图形与几何(初中)->三角形->三角形的面积,三角形的面积
597,图形与几何->向量几何->初中数学->图形与几何(初中)->三角形->三角形综合,三角形综合
254,图形与几何->向量几何->初中数学->图形与几何(初中)->三角形->直角三角形->直角三角形的概念,直角三角形的概念
259,图形与几何->向量几何->初中数学->图形与几何(初中)->三角形->直角三角形->30度所对的直角边等于斜边的一半,30度所对的直角边等于斜边的一半
265,图形与几何->向量几何->初中数学->图形与几何(初中)->三角形->直角三角形->直角三角形斜边的中线,直角三角形斜边的中线
330,图形与几何->向量几何->初中数学->图形与几何(初中)->三角形->直角三角形->解直角三角形,解直角三角形
247,图形与几何->向量几何->初中数学->图形与几何(初中)->四边形->平行四边形,平行四边形
258,图形与几何->向量几何->初中数学->图形与几何(初中)->四边形->正方形,正方形
264,图形与几何->向量几何->初中数学->图形与几何(初中)->四边形->矩形,矩形
537,图形与几何->向量几何->初中数学->图形与几何(初中)->四边形->四边形的相关概念,四边形的相关概念
228,图形与几何->向量几何->初中数学->图形与几何(初中)->四边形->梯形->梯形的概念,梯形的概念
275,图形与几何->向量几何->初中数学->图形与几何(初中)->四边形->梯形->直角梯形,直角梯形
342,图形与几何->向量几何->初中数学->图形与几何(初中)->四边形->梯形->等腰梯形,等腰梯形
951,图形与几何->向量几何->初中数学->函数与分析(初中),函数与分析(初中)
952,图形与几何->向量几何->初中数学->数据整理与概率统计(初中),数据整理与概率统计(初中)
1168,图形与几何->向量几何->初中数学->趣味数学->数独及相关,数独及相关
1160,图形与几何->向量几何->竞赛自招(初中)->代数（初中竞赛）->整式恒等变形,整式恒等变形
1161,图形与几何->向量几何->竞赛自招(初中)->代数（初中竞赛）->分式恒等变形,分式恒等变形
1163,图形与几何->向量几何->竞赛自招(初中)->几何（初中竞赛）,几何（初中竞赛）
1164,图形与几何->向量几何->竞赛自招(初中)->数论（初中竞赛）,数论（初中竞赛）
1165,图形与几何->向量几何->竞赛自招(初中)->组合（初中竞赛）,组合（初中竞赛）
10489,图形与几何->向量几何->向量分解定理,向量分解定理
10490,图形与几何->向量几何->向量的模,向量的模
10491,图形与几何->向量几何->向量的夹角,向量的夹角
10493,图形与几何->向量几何->向量的运算与关系->向量加减法,向量加减法
10494,图形与几何->向量几何->向量的运算与关系->向量数乘与平行,向量数乘与平行
10495,图形与几何->向量几何->向量的运算与关系->向量的数量积与垂直,向量的数量积与垂直
10496,图形与几何->向量几何->向量的坐标表示及其坐标运算,向量的坐标表示及其坐标运算
10497,图形与几何->几何证明,几何证明
