ID,PATH,NAME,PARENT_ID
10000,方程与代数,方程与代数,
10001,方程与代数->代数式,代数式,10000
10002,方程与代数->代数式->整式,整式,10001
10003,方程与代数->代数式->整式->整式的概念,整式的概念,10002
10004,方程与代数->代数式->整式->整式的概念->字母表述数,字母表述数,10003
10005,方程与代数->代数式->整式->整式的概念->代数式,代数式,10003
10006,方程与代数->代数式->整式->整式的概念->代数式的值,代数式的值,10003
10007,方程与代数->代数式->整式->整式的概念->整式,整式,10003
10008,方程与代数->代数式->整式->整式的加减,整式的加减,10002
10009,方程与代数->代数式->整式->整式的加减->合并同类项,合并同类项,10008
10010,方程与代数->代数式->整式->整式的加减->整式的加减,整式的加减,10008
10011,方程与代数->代数式->整式->整式的乘法,整式的乘法,10002
10012,方程与代数->代数式->整式->整式的乘法->同底数幂的乘法,同底数幂的乘法,10011
10013,方程与代数->代数式->整式->整式的乘法->幂的乘方,幂的乘方,10011
10014,方程与代数->代数式->整式->整式的乘法->积的乘方,积的乘方,10011
10015,方程与代数->代数式->整式->整式的乘法->整式的乘法,整式的乘法,10011
10016,方程与代数->代数式->整式->乘法公式,乘法公式,10002
10017,方程与代数->代数式->整式->乘法公式->平方差公式,平方差公式,10016
10018,方程与代数->代数式->整式->乘法公式->完全平方公式,完全平方公式,10016
10019,方程与代数->代数式->整式->因式分解,因式分解,10002
10020,方程与代数->代数式->整式->因式分解->提取公因式,提取公因式,10019
10021,方程与代数->代数式->整式->因式分解->公式法,公式法,10019
10022,方程与代数->代数式->整式->因式分解->十字相乘,十字相乘,10019
10023,方程与代数->代数式->整式->因式分解->分组分解,分组分解,10019
10024,方程与代数->代数式->整式->整式的除法,整式的除法,10002
10025,方程与代数->代数式->整式->整式的除法->同底数幂的除法,同底数幂的除法,10024
10026,方程与代数->代数式->整式->整式的除法->单项式除以单项式,单项式除以单项式,10024
10027,方程与代数->代数式->整式->整式的除法->多项式除以单项式,多项式除以单项式,10024
10028,方程与代数->代数式->整式->整式的除法->多项式除以多项式,多项式除以多项式,10024
10029,方程与代数->代数式->分式,分式,10001
10030,方程与代数->代数式->分式->分式,分式,10029
10031,方程与代数->代数式->分式->分式->分式的意义,分式的意义,10030
10032,方程与代数->代数式->分式->分式->分式的基本性质,分式的基本性质,10030
10033,方程与代数->代数式->分式->分式的运算,分式的运算,10029
10034,方程与代数->代数式->分式->分式的运算->分式的乘除,分式的乘除,10033
10035,方程与代数->代数式->分式->分式的运算->分式的加减,分式的加减,10033
10036,方程与代数->代数式->分式->分式的运算->整数指数幂及其运算,整数指数幂及其运算,10033
10037,方程与代数->代数式->二次根式,二次根式,10001
10038,方程与代数->集合与逻辑,集合与逻辑,10000
10039,方程与代数->集合与逻辑->集合,集合,10038
10040,方程与代数->集合与逻辑->集合->集合的概念及其表示方法,集合的概念及其表示方法,10039
10041,方程与代数->集合与逻辑->集合->集合与元素的关系,集合与元素的关系,10039
10042,方程与代数->集合与逻辑->集合->集合之间的关系,集合之间的关系,10039
10043,方程与代数->集合与逻辑->集合->集合之间的关系->集合的相等,集合的相等,10042
10044,方程与代数->集合与逻辑->集合->集合之间的关系->集合的包含关系,集合的包含关系,10042
10045,方程与代数->集合与逻辑->集合->集合的运算,集合的运算,10039
10046,方程与代数->集合与逻辑->集合->命题,命题,10039
10047,方程与代数->集合与逻辑->集合->命题->命题、公理、定理的概念,命题、公理、定理的概念,10046
10048,方程与代数->集合与逻辑->集合->命题->逆命题和逆定理,逆命题和逆定理,10046
10049,方程与代数->集合与逻辑->集合->命题->真(假)命题,真(假)命题,10046
10050,方程与代数->集合与逻辑->集合->命题->命题的四种形式及等价关系,命题的四种形式及等价关系,10046
10051,方程与代数->集合与逻辑->集合->命题->充分条件、必要条件,充分条件、必要条件,10046
10052,方程与代数->集合与逻辑->集合->命题->命题的逻辑运算,命题的逻辑运算,10046
10053,方程与代数->集合与逻辑->集合->命题->命题的推出关系,命题的推出关系,10046
10054,方程与代数->数列,数列,10000
10055,方程与代数->数列->数列的概念,数列的概念,10054
10056,方程与代数->数列->等差数列,等差数列,10054
10057,方程与代数->数列->等比数列,等比数列,10054
10058,方程与代数->数列->数列的递推关系,数列的递推关系,10054
10059,方程与代数->数列->数列极限,数列极限,10054
10060,方程与代数->数列->数列极限->数列极限的概念及运算,数列极限的概念及运算,10059
10061,方程与代数->数列->数列极限->无穷等比数列各项和,无穷等比数列各项和,10059
10062,方程与代数->数列->数列求通项,数列求通项,10054
10063,方程与代数->数列->数列求通项->累乘法,累乘法,10062
10064,方程与代数->数列->数列求通项->累加法,累加法,10062
10065,方程与代数->数列->数列求通项->待定系数法,待定系数法,10062
10066,方程与代数->数列->数列求通项->转化化归,转化化归,10062
10067,方程与代数->数列->数列求和,数列求和,10054
10068,方程与代数->数列->数列求和->公式法,公式法,10067
10069,方程与代数->数列->数列求和->裂项相消,裂项相消,10067
10070,方程与代数->数列->数列求和->错位相减,错位相减,10067
10071,方程与代数->数列->数列求和->逆序相加,逆序相加,10067
10072,方程与代数->方程(组),方程(组),10000
10073,方程与代数->方程(组)->方程与方程的解,方程与方程的解,10072
10074,方程与代数->方程(组)->方程与方程的解->列方程,列方程,10073
10075,方程与代数->方程(组)->方程与方程的解->方程的解,方程的解,10073
10076,方程与代数->方程(组)->一元整式方程 ,一元整式方程 ,10072
10077,方程与代数->方程(组)->一元整式方程 ->一元一次方程及其解法,一元一次方程及其解法,10076
10078,方程与代数->方程(组)->一元整式方程 ->一元二次方程,一元二次方程,10076
10079,方程与代数->方程(组)->一元整式方程 ->一元二次方程->一元二次方程的定义,一元二次方程的定义,10078
10080,方程与代数->方程(组)->一元整式方程 ->一元二次方程->一元二次方程的解法,一元二次方程的解法,10078
10081,方程与代数->方程(组)->一元整式方程 ->一元二次方程->一元二次方程的解法->直接开方法,直接开方法,10080
10082,方程与代数->方程(组)->一元整式方程 ->一元二次方程->一元二次方程的解法->配方法,配方法,10080
10083,方程与代数->方程(组)->一元整式方程 ->一元二次方程->一元二次方程的解法->公式法,公式法,10080
10084,方程与代数->方程(组)->一元整式方程 ->一元二次方程->一元二次方程的解法->因式分解法,因式分解法,10080
10085,方程与代数->方程(组)->一元整式方程 ->一元二次方程->一元二次方程的根的判别式,一元二次方程的根的判别式,10078
10086,方程与代数->方程(组)->一元整式方程 ->一元二次方程->一元二次方程的根与系数的关系,一元二次方程的根与系数的关系,10078
10087,方程与代数->方程(组)->一元整式方程 ->一元二次方程->实系数一元二次方程,实系数一元二次方程,10078
10088,方程与代数->方程(组)->一元整式方程 ->其他一元整式方程,其他一元整式方程,10076
10089,方程与代数->方程(组)->一元整式方程 ->二项方程,二项方程,10076
10090,方程与代数->方程(组)->一次方程组,一次方程组,10072
10091,方程与代数->方程(组)->一次方程组->二元一次方程组及其解法,二元一次方程组及其解法,10090
10092,方程与代数->方程(组)->一次方程组->三元一次方程组及其解法,三元一次方程组及其解法,10090
10093,方程与代数->方程(组)->二次方程组,二次方程组,10072
10094,方程与代数->方程(组)->二次方程组->二元二次方程和方程组,二元二次方程和方程组,10093
10095,方程与代数->方程(组)->二次方程组->二元二次方程组的解法,二元二次方程组的解法,10093
10096,方程与代数->方程(组)->分式方程,分式方程,10072
10097,方程与代数->方程(组)->无理方程,无理方程,10072
10098,方程与代数->方程(组)->指对数方程,指对数方程,10072
10099,方程与代数->方程(组)->三角方程,三角方程,10072
10100,方程与代数->不等式,不等式,10000
10101,方程与代数->不等式->不等式的简单性质(加法、乘法性质),不等式的简单性质(加法、乘法性质),10100
10102,方程与代数->不等式->不等式的基本性质,不等式的基本性质,10100
10103,方程与代数->不等式->基本(均值)不等式及其应用,基本(均值)不等式及其应用,10100
10104,方程与代数->不等式->不等式的证明,不等式的证明,10100
10105,方程与代数->不等式->解不等式,解不等式,10100
10106,方程与代数->不等式->解不等式->一次不等式,一次不等式,10105
10107,方程与代数->不等式->解不等式->一次不等式->一元一次不等式的解法,一元一次不等式的解法,10106
10108,方程与代数->不等式->解不等式->一次不等式->一元一次不等式组的解法,一元一次不等式组的解法,10106
10109,方程与代数->不等式->解不等式->一元二次不等式,一元二次不等式,10105
10110,方程与代数->不等式->解不等式->一元高次不等式,一元高次不等式,10105
10111,方程与代数->不等式->解不等式->分式不等式,分式不等式,10105
10112,方程与代数->不等式->解不等式->无理不等式,无理不等式,10105
10113,方程与代数->不等式->解不等式->绝对值不等式,绝对值不等式,10105
10114,方程与代数->不等式->解不等式->指对数不等式,指对数不等式,10105
10115,方程与代数->不等式->解不等式->三角不等式,三角不等式,10105
10116,方程与代数->三角恒等式,三角恒等式,10000
10117,方程与代数->三角恒等式->诱导公式,诱导公式,10116
10118,方程与代数->三角恒等式->同角三角比的关系,同角三角比的关系,10116
10119,方程与代数->三角恒等式->倍角公式,倍角公式,10116
10120,方程与代数->三角恒等式->半角公式,半角公式,10116
10121,方程与代数->三角恒等式->两角和(差)公式,两角和(差)公式,10116
10122,方程与代数->三角恒等式->积化和差、和差化积公式 ,积化和差、和差化积公式 ,10116
10123,方程与代数->线性代数,线性代数,10000
10124,方程与代数->线性代数->矩阵的概念,矩阵的概念,10123
10125,方程与代数->线性代数->矩阵的运算,矩阵的运算,10123
10126,方程与代数->线性代数->二、三阶行列式的展开,二、三阶行列式的展开,10123
10127,方程与代数->线性代数->克莱默法则,克莱默法则,10123
10128,方程与代数->数论,数论,10000
10129,方程与代数->数论->整数与整除,整数与整除,10128
10130,方程与代数->数论->整数与整除->整数与整除的意义,整数与整除的意义,10129
10131,方程与代数->数论->整数与整除->因数和倍数,因数和倍数,10129
10132,方程与代数->数论->整数与整除->能被2，5整除的数,能被2，5整除的数,10129
10133,方程与代数->数论->分解素因数,分解素因数,10128
10134,方程与代数->数论->分解素因数->素数、合数与分解素因数,素数、合数与分解素因数,10133
10135,方程与代数->数论->分解素因数->公因数与最大公因数,公因数与最大公因数,10133
10136,方程与代数->数论->分解素因数->公倍数与最小公倍数,公倍数与最小公倍数,10133
10137,函数与分析,函数与分析,
10138,函数与分析->函数基础,函数基础,10137
10139,函数与分析->函数基础->函数的概念(对应说),函数的概念(对应说),10138
10140,函数与分析->函数基础->函数的概念(变量说),函数的概念(变量说),10138
10141,函数与分析->函数基础->函数的运算,函数的运算,10138
10142,函数与分析->函数基础->函数的运算->和（差）函数、积（商）函数,和（差）函数、积（商）函数,10141
10143,函数与分析->函数基础->函数的运算->函数的复合,函数的复合,10141
10144,函数与分析->函数基础->函数的图像,函数的图像,10138
10145,函数与分析->函数基础->函数的图像->函数图像的绘制,函数图像的绘制,10144
10146,函数与分析->函数基础->函数的图像->轴对称函数图像的性质与判定,轴对称函数图像的性质与判定,10144
10147,函数与分析->函数基础->函数的图像->中心对称函数图像的性质与判定 ,中心对称函数图像的性质与判定 ,10144
10148,函数与分析->函数基础->函数的奇偶性,函数的奇偶性,10138
10149,函数与分析->函数基础->函数的单调性,函数的单调性,10138
10150,函数与分析->函数基础->函数的周期性,函数的周期性,10138
10151,函数与分析->函数基础->函数的值域、最值,函数的值域、最值,10138
10152,函数与分析->函数基础->函数零点及零点定理,函数零点及零点定理,10138
10153,函数与分析->函数基础->反函数的概念及性质,反函数的概念及性质,10138
10154,函数与分析->初等函数,初等函数,10137
10155,函数与分析->初等函数->三角函数,三角函数,10154
10156,函数与分析->初等函数->三角函数->三角函数的定义(任意角),三角函数的定义(任意角),10155
10157,函数与分析->初等函数->三角函数->正余弦函数的性质与图像,正余弦函数的性质与图像,10155
10158,函数与分析->初等函数->三角函数->正切函数的性质与图像,正切函数的性质与图像,10155
10159,函数与分析->初等函数->三角函数->$y=A\sin(\omega x+\phi)$函数的性质与图像,$y=A\sin(\omega x+\phi)$函数的性质与图像,10155
10160,函数与分析->初等函数->反三角函数,反三角函数,10154
10161,函数与分析->初等函数->指数函数的图像与性质,指数函数的图像与性质,10154
10162,函数与分析->初等函数->对数函数的图像与性质,对数函数的图像与性质,10154
10163,函数与分析->初等函数->幂函数的图像与性质,幂函数的图像与性质,10154
10164,函数与分析->初等函数->特殊的初等函数,特殊的初等函数,10154
10165,函数与分析->初等函数->特殊的初等函数->正比例函数的图像与性质,正比例函数的图像与性质,10164
10166,函数与分析->初等函数->特殊的初等函数->反比例函数的图像与性质,反比例函数的图像与性质,10164
10167,函数与分析->初等函数->特殊的初等函数->一次函数的图像与性质,一次函数的图像与性质,10164
10168,函数与分析->初等函数->特殊的初等函数->二次函数,二次函数,10164
10169,函数与分析->初等函数->特殊的初等函数->二次函数->二次函数的概念,二次函数的概念,10168
10170,函数与分析->初等函数->特殊的初等函数->二次函数->二次函数的概念->二次函数$y=ax^2$的图像和性质,二次函数$y=ax^2$的图像和性质,10169
10171,函数与分析->初等函数->特殊的初等函数->二次函数->二次函数的概念->二次函数$y=a(x-h)^2+k$的图像和性质,二次函数$y=a(x-h)^2+k$的图像和性质,10169
10172,函数与分析->初等函数->特殊的初等函数->二次函数->二次函数的概念->二次函数$y=ax^2+bx+c$的图像和性质 ,二次函数$y=ax^2+bx+c$的图像和性质 ,10169
10173,函数与分析->初等函数->特殊的初等函数->函数$f(x)=ax+\frac{b}{x}$的性质与图像,函数$f(x)=ax+\frac{b}{x}$的性质与图像,10164
10174,函数与分析->初等函数->特殊的初等函数->函数$f(x)=\frac{ax+b}{cx+d}$的性质与图像,函数$f(x)=\frac{ax+b}{cx+d}$的性质与图像,10164
10175,函数与分析->其他特殊函数,其他特殊函数,10137
10176,函数与分析->其他特殊函数->分段函数,分段函数,10175
10177,函数与分析->其他特殊函数->取整函数,取整函数,10175
10178,函数与分析->其他特殊函数->抽象函数,抽象函数,10175
10179,函数与分析->微积分,微积分,10137
10180,函数与分析->微积分->导数的概念,导数的概念,10179
10181,函数与分析->微积分->导数的计算,导数的计算,10179
10182,函数与分析->微积分->用导数研究函数的单调性、最值,用导数研究函数的单调性、最值,10179
10183,函数与分析->微积分->定积分的概念,定积分的概念,10179
10184,函数与分析->微积分->微积分的基本定理,微积分的基本定理,10179
10185,函数与分析->微积分->用定积分求图形面积,用定积分求图形面积,10179
10186,应用数学与数学文化,应用数学与数学文化,
10187,应用数学与数学文化->算法,算法,10186
10188,应用数学与数学文化->算法->算法的概念,算法的概念,10187
10189,应用数学与数学文化->算法->常用算法,常用算法,10187
10190,应用数学与数学文化->算法->常用算法->秦九韶算法,秦九韶算法,10189
10191,应用数学与数学文化->算法->常用算法->辗转相除法(欧几里得算法),辗转相除法(欧几里得算法),10189
10192,应用数学与数学文化->算法->常用算法->二分法,二分法,10189
10193,应用数学与数学文化->算法->常用算法->牛顿切线法,牛顿切线法,10189
10194,应用数学与数学文化->算法->常用算法->进位制转换,进位制转换,10189
10195,应用数学与数学文化->算法->算法框图,算法框图,10187
10196,应用数学与数学文化->算法->计算器的使用,计算器的使用,10187
10197,应用数学与数学文化->数值计算,数值计算,10186
10198,应用数学与数学文化->数值计算->科学计数法,科学计数法,10197
10199,应用数学与数学文化->数值计算->有效数字,有效数字,10197
10200,应用数学与数学文化->数值计算->近似数,近似数,10197
10201,应用数学与数学文化->组合计数,组合计数,10186
10202,应用数学与数学文化->组合计数->加法原理(分类),加法原理(分类),10201
10203,应用数学与数学文化->组合计数->乘法原理(分步),乘法原理(分步),10201
10204,应用数学与数学文化->组合计数->排列数公式及性质,排列数公式及性质,10201
10205,应用数学与数学文化->组合计数->组合数公式及性质,组合数公式及性质,10201
10206,应用数学与数学文化->组合计数->排列组合问题,排列组合问题,10201
10207,应用数学与数学文化->组合计数->常见排列组合模型,常见排列组合模型,10201
10208,应用数学与数学文化->组合计数->常见排列组合模型->球盒模型,球盒模型,10207
10209,应用数学与数学文化->组合计数->常见排列组合模型->染色模型,染色模型,10207
10210,应用数学与数学文化->组合计数->常见排列组合模型->指派模型,指派模型,10207
10211,应用数学与数学文化->组合计数->容斥原理,容斥原理,10201
10212,应用数学与数学文化->组合计数->抽屉原理 ,抽屉原理 ,10201
10213,应用数学与数学文化->组合计数->二项式定理,二项式定理,10201
10214,应用数学与数学文化->概率与统计,概率与统计,10186
10215,应用数学与数学文化->概率与统计->概率,概率,10214
10216,应用数学与数学文化->概率与统计->概率->随机事件,随机事件,10215
10217,应用数学与数学文化->概率与统计->概率->随机事件->随机事件的基本概念,随机事件的基本概念,10216
10218,应用数学与数学文化->概率与统计->概率->随机事件->随机事件间的关系,随机事件间的关系,10216
10219,应用数学与数学文化->概率与统计->概率->随机事件->随机事件间的关系->互斥事件、对立事件,互斥事件、对立事件,10218
10220,应用数学与数学文化->概率与统计->概率->随机事件->随机事件间的关系->相互独立事件,相互独立事件,10218
10221,应用数学与数学文化->概率与统计->概率->随机事件->随机事件的运算,随机事件的运算,10216
10222,应用数学与数学文化->概率与统计->概率->随机事件->随机事件的运算->事件和(并),事件和(并),10221
10223,应用数学与数学文化->概率与统计->概率->随机事件->随机事件的运算->事件积(交),事件积(交),10221
10224,应用数学与数学文化->概率与统计->概率->概率的定义,概率的定义,10215
10225,应用数学与数学文化->概率与统计->概率->概率的定义->统计定义(频率),统计定义(频率),10224
10226,应用数学与数学文化->概率与统计->概率->概率的定义->古典概型,古典概型,10224
10227,应用数学与数学文化->概率与统计->概率->概率的定义->几何概型,几何概型,10224
10228,应用数学与数学文化->概率与统计->概率->概率的定义->公理化定义,公理化定义,10224
10229,应用数学与数学文化->概率与统计->概率->条件概率,条件概率,10215
10230,应用数学与数学文化->概率与统计->概率->概率的性质,概率的性质,10215
10231,应用数学与数学文化->概率与统计->概率->概率的性质->概率加法公式,概率加法公式,10230
10232,应用数学与数学文化->概率与统计->概率->概率的性质->概率乘法公式,概率乘法公式,10230
10233,应用数学与数学文化->概率与统计->概率->概率的性质->全概率公式,全概率公式,10230
10234,应用数学与数学文化->概率与统计->概率->概率的性质->贝叶斯公式,贝叶斯公式,10230
10235,应用数学与数学文化->概率与统计->概率->随机变量,随机变量,10215
10236,应用数学与数学文化->概率与统计->概率->随机变量->随机变量的定义,随机变量的定义,10235
10237,应用数学与数学文化->概率与统计->概率->随机变量->随机变量的特征,随机变量的特征,10235
10238,应用数学与数学文化->概率与统计->概率->随机变量->随机变量的特征->离散型随机变量的期望,离散型随机变量的期望,10237
10239,应用数学与数学文化->概率与统计->概率->随机变量->随机变量的特征->连续型随机变量的期望,连续型随机变量的期望,10237
10240,应用数学与数学文化->概率与统计->概率->随机变量->随机变量的特征->离散型随机变量的分布列,离散型随机变量的分布列,10237
10241,应用数学与数学文化->概率与统计->概率->随机变量->随机变量的特征->连续型随机变量的密度函数,连续型随机变量的密度函数,10237
10242,应用数学与数学文化->概率与统计->概率->随机变量->随机变量的特征->连续型随机变量的分布函数,连续型随机变量的分布函数,10237
10243,应用数学与数学文化->概率与统计->概率->随机变量->常见随机变量的分布,常见随机变量的分布,10235
10244,应用数学与数学文化->概率与统计->概率->随机变量->常见随机变量的分布->独立重复试验与二项分布,独立重复试验与二项分布,10243
10245,应用数学与数学文化->概率与统计->概率->随机变量->常见随机变量的分布->正态分布及其曲线,正态分布及其曲线,10243
10246,应用数学与数学文化->概率与统计->概率->随机变量->常见随机变量的分布->泊松分布,泊松分布,10243
10247,应用数学与数学文化->概率与统计->概率->随机变量->常见随机变量的分布->超几何分布,超几何分布,10243
10248,应用数学与数学文化->概率与统计->概率->用频率估计概率,用频率估计概率,10215
10249,应用数学与数学文化->概率与统计->统计,统计,10214
10250,应用数学与数学文化->概率与统计->统计->描述性统计量,描述性统计量,10249
10251,应用数学与数学文化->概率与统计->统计->描述性统计量->（加权）平均数,（加权）平均数,10250
10252,应用数学与数学文化->概率与统计->统计->描述性统计量->分位数,分位数,10250
10253,应用数学与数学文化->概率与统计->统计->描述性统计量->中位数、众数,中位数、众数,10250
10254,应用数学与数学文化->概率与统计->统计->描述性统计量->方差、标准差、极差,方差、标准差、极差,10250
10255,应用数学与数学文化->概率与统计->统计->描述性统计量->统计量的选择,统计量的选择,10250
10256,应用数学与数学文化->概率与统计->统计->描述性统计量->协方差,协方差,10250
10257,应用数学与数学文化->概率与统计->统计->描述性统计量->相关系数,相关系数,10250
10258,应用数学与数学文化->概率与统计->统计->抽样调查,抽样调查,10249
10259,应用数学与数学文化->概率与统计->统计->抽样调查->抽样调查的相关概念,抽样调查的相关概念,10258
10260,应用数学与数学文化->概率与统计->统计->抽样调查->抽样调查的过程与方法,抽样调查的过程与方法,10258
10261,应用数学与数学文化->概率与统计->统计->抽样调查->抽样调查的过程与方法->简单随机抽样法,简单随机抽样法,10260
10262,应用数学与数学文化->概率与统计->统计->抽样调查->抽样调查的过程与方法->系统抽样法,系统抽样法,10260
10263,应用数学与数学文化->概率与统计->统计->抽样调查->抽样调查的过程与方法->分层抽样法,分层抽样法,10260
10264,应用数学与数学文化->概率与统计->统计->抽样调查-> 用样本估计总体, 用样本估计总体,10258
10265,应用数学与数学文化->概率与统计->统计->频数与频率,频数与频率,10249
10266,应用数学与数学文化->概率与统计->统计->频数与频率->频数与频率的概念,频数与频率的概念,10265
10267,应用数学与数学文化->概率与统计->统计->频数与频率->频数（率）分布表,频数（率）分布表,10265
10268,应用数学与数学文化->概率与统计->统计->频数与频率->频数（率）分布直方图,频数（率）分布直方图,10265
10269,应用数学与数学文化->概率与统计->统计->频数与频率->频数（率）分布折线图,频数（率）分布折线图,10265
10270,应用数学与数学文化->概率与统计->统计->统计图表,统计图表,10249
10271,应用数学与数学文化->概率与统计->统计->统计图表->折线图,折线图,10270
10272,应用数学与数学文化->概率与统计->统计->统计图表->柱状图,柱状图,10270
10273,应用数学与数学文化->概率与统计->统计->统计图表->扇形图,扇形图,10270
10274,应用数学与数学文化->概率与统计->统计->统计图表->茎叶图,茎叶图,10270
10275,应用数学与数学文化->概率与统计->统计->统计图表->散点图,散点图,10270
10276,应用数学与数学文化->概率与统计->统计->统计图表->其他统计图,其他统计图,10270
10277,应用数学与数学文化->概率与统计->统计->统计图表->统计图的选择,统计图的选择,10270
10278,应用数学与数学文化->概率与统计->统计->统计推断,统计推断,10249
10279,应用数学与数学文化->概率与统计->统计->统计推断->回归分析,回归分析,10278
10280,应用数学与数学文化->概率与统计->统计->统计推断->回归分析->线性回归方程,线性回归方程,10279
10281,应用数学与数学文化->概率与统计->统计->统计推断->回归分析->最小二乘法,最小二乘法,10279
10282,应用数学与数学文化->概率与统计->统计->统计推断->假设检验,假设检验,10278
10283,应用数学与数学文化->概率与统计->统计->统计推断->假设检验->独立性检验,独立性检验,10282
10284,应用数学与数学文化->最优化问题,最优化问题,10186
10285,应用数学与数学文化->最优化问题->线性规划,线性规划,10284
10286,应用数学与数学文化->最优化问题->非线性规划,非线性规划,10284
10287,应用数学与数学文化->数学应用题,数学应用题,10186
10288,应用数学与数学文化->数学史,数学史,10186
10289,应用数学与数学文化->数学史->数系扩张,数系扩张,10288
10290,应用数学与数学文化->数学思想,数学思想,10186
10291,应用数学与数学文化->数学思想->归纳-猜想-证明,归纳-猜想-证明,10290
10292,应用数学与数学文化->数学思想->数形结合,数形结合,10290
10293,应用数学与数学文化->数学思想->转化化归,转化化归,10290
10294,应用数学与数学文化->数学思想->分类讨论,分类讨论,10290
10295,应用数学与数学文化->数学思想->类比,类比,10290
10296,应用数学与数学文化->数学思想->函数思想,函数思想,10290
10297,应用数学与数学文化->数学思想->方程思想,方程思想,10290
10298,应用数学与数学文化->数学思想->代数思想,代数思想,10290
10299,应用数学与数学文化->常用数学方法,常用数学方法,10186
10300,应用数学与数学文化->常用数学方法->枚举法,枚举法,10299
10301,应用数学与数学文化->常用数学方法->极端法,极端法,10299
10302,应用数学与数学文化->常用数学方法->数学归纳法,数学归纳法,10299
10303,数与运算,数与运算,
10304,数与运算->数的相关概念,数的相关概念,10303
10305,数与运算->数的相关概念->正数和负数,正数和负数,10304
10306,数与运算->数的相关概念->数轴,数轴,10304
10307,数与运算->数的相关概念->有理数的相关概念,有理数的相关概念,10304
10308,数与运算->数的相关概念->有理数的相关概念->小数 ,小数 ,10307
10309,数与运算->数的相关概念->有理数的相关概念->有理数、无理数的定义,有理数、无理数的定义,10307
10310,数与运算->数的相关概念->复数的相关概念,复数的相关概念,10304
10311,数与运算->数的相关概念->复数的相关概念->(纯)虚数、实部、虚部,(纯)虚数、实部、虚部,10310
10312,数与运算->数的相关概念->复数的相关概念->复数的几何意义,复数的几何意义,10310
10313,数与运算->数的相关概念->复数的相关概念->复数的三角形式 ,复数的三角形式 ,10310
10314,数与运算->数的相关运算,数的相关运算,10303
10315,数与运算->数的相关运算->绝对值与模运算 ,绝对值与模运算 ,10314
10316,数与运算->数的相关运算->取反与相反数 ,取反与相反数 ,10314
10317,数与运算->数的相关运算->幂(指数、乘方)运算,幂(指数、乘方)运算,10314
10318,数与运算->数的相关运算->幂(指数、乘方)运算->正数指数幂,正数指数幂,10317
10319,数与运算->数的相关运算->幂(指数、乘方)运算->整数指数幂,整数指数幂,10317
10320,数与运算->数的相关运算->幂(指数、乘方)运算->有理指数幂 ,有理指数幂 ,10317
10321,数与运算->数的相关运算->幂(指数、乘方)运算->开方,开方,10317
10322,数与运算->数的相关运算->幂(指数、乘方)运算->开方->平方根和开平方,平方根和开平方,10321
10323,数与运算->数的相关运算->幂(指数、乘方)运算->开方->立方根和开立方,立方根和开立方,10321
10324,数与运算->数的相关运算->幂(指数、乘方)运算->开方->n次方根,n次方根,10321
10325,数与运算->数的相关运算->加法运算,加法运算,10314
10326,数与运算->数的相关运算->减法运算,减法运算,10314
10327,数与运算->数的相关运算->乘法运算,乘法运算,10314
10328,数与运算->数的相关运算->除法运算,除法运算,10314
10329,数与运算->数的相关运算->综合运算,综合运算,10314
10330,数与运算->数系扩张,数系扩张,10303
10331,数与运算->数系扩张->自然数,自然数,10330
10332,数与运算->数系扩张->整数,整数,10330
10333,数与运算->数系扩张->有理数,有理数,10330
10334,数与运算->数系扩张->实数,实数,10330
10335,数与运算->数系扩张->复数 ,复数 ,10330
10336,图形与几何,图形与几何,
10337,图形与几何->基本图形、几何体的概念及性质,基本图形、几何体的概念及性质,10336
10338,图形与几何->基本图形、几何体的概念及性质->点、线、面、体的概念,点、线、面、体的概念,10337
10339,图形与几何->基本图形、几何体的概念及性质->直线、射线、线段,直线、射线、线段,10337
10340,图形与几何->基本图形、几何体的概念及性质->角,角,10337
10341,图形与几何->基本图形、几何体的概念及性质->角->角的定义及其表示,角的定义及其表示,10340
10342,图形与几何->基本图形、几何体的概念及性质->角->角的比较和运算,角的比较和运算,10340
10343,图形与几何->基本图形、几何体的概念及性质->角->余角与补角,余角与补角,10340
10344,图形与几何->基本图形、几何体的概念及性质->角平分线的定义及性质,角平分线的定义及性质,10337
10345,图形与几何->基本图形、几何体的概念及性质->中垂线的定义及性质,中垂线的定义及性质,10337
10346,图形与几何->基本图形、几何体的概念及性质->相交直线的角,相交直线的角,10337
10347,图形与几何->基本图形、几何体的概念及性质->相交直线的角->同位角、内错角、同旁内角,同位角、内错角、同旁内角,10346
10348,图形与几何->基本图形、几何体的概念及性质->相交直线的角->邻补角、对顶角,邻补角、对顶角,10346
10349,图形与几何->基本图形、几何体的概念及性质->三角形,三角形,10337
10350,图形与几何->基本图形、几何体的概念及性质->三角形->三角形的边、高、中线、角平分线,三角形的边、高、中线、角平分线,10349
10351,图形与几何->基本图形、几何体的概念及性质->三角形->三角形的内(外)角,三角形的内(外)角,10349
10352,图形与几何->基本图形、几何体的概念及性质->三角形->等腰三角形的性质及判定,等腰三角形的性质及判定,10349
10353,图形与几何->基本图形、几何体的概念及性质->三角形->等边三角形的性质及判定,等边三角形的性质及判定,10349
10354,图形与几何->基本图形、几何体的概念及性质->三角形->直角三角形,直角三角形,10349
10355,图形与几何->基本图形、几何体的概念及性质->三角形->直角三角形->勾股定理,勾股定理,10354
10356,图形与几何->基本图形、几何体的概念及性质->三角形->直角三角形->勾股定理的逆定理,勾股定理的逆定理,10354
10357,图形与几何->基本图形、几何体的概念及性质->三角形->三角形的中位线,三角形的中位线,10349
10358,图形与几何->基本图形、几何体的概念及性质->(凸)多边形,(凸)多边形,10337
10359,图形与几何->基本图形、几何体的概念及性质->(凸)多边形->(凸)多边形的定义,(凸)多边形的定义,10358
10360,图形与几何->基本图形、几何体的概念及性质->(凸)多边形->(凸)多边形的内(外)角和,(凸)多边形的内(外)角和,10358
10361,图形与几何->基本图形、几何体的概念及性质->投影与视图,投影与视图,10337
10362,图形与几何->基本图形、几何体的概念及性质->投影与视图->投影,投影,10361
10363,图形与几何->基本图形、几何体的概念及性质->投影与视图->三视图,三视图,10361
10364,图形与几何->基本图形、几何体的概念及性质->投影与视图->直观图,直观图,10361
10365,图形与几何->基本图形、几何体的概念及性质->四边形,四边形,10337
10366,图形与几何->基本图形、几何体的概念及性质->四边形->平行四边形,平行四边形,10365
10367,图形与几何->基本图形、几何体的概念及性质->四边形->平行四边形->平行四边形的性质,平行四边形的性质,10366
10368,图形与几何->基本图形、几何体的概念及性质->四边形->平行四边形->平行四边形的判定,平行四边形的判定,10366
10369,图形与几何->基本图形、几何体的概念及性质->四边形->矩形,矩形,10365
10370,图形与几何->基本图形、几何体的概念及性质->四边形->矩形->矩形的性质,矩形的性质,10369
10371,图形与几何->基本图形、几何体的概念及性质->四边形->矩形->矩形的判定,矩形的判定,10369
10372,图形与几何->基本图形、几何体的概念及性质->四边形->菱形,菱形,10365
10373,图形与几何->基本图形、几何体的概念及性质->四边形->菱形->菱形的性质,菱形的性质,10372
10374,图形与几何->基本图形、几何体的概念及性质->四边形->菱形->菱形的判定,菱形的判定,10372
10375,图形与几何->基本图形、几何体的概念及性质->四边形->正方形,正方形,10365
10376,图形与几何->基本图形、几何体的概念及性质->四边形->正方形->正方形的性质,正方形的性质,10375
10377,图形与几何->基本图形、几何体的概念及性质->四边形->正方形->正方形的判定,正方形的判定,10375
10378,图形与几何->基本图形、几何体的概念及性质->四边形->梯形,梯形,10365
10379,图形与几何->基本图形、几何体的概念及性质->四边形->梯形->梯形的性质,梯形的性质,10378
10380,图形与几何->基本图形、几何体的概念及性质->四边形->梯形->梯形的判定,梯形的判定,10378
10381,图形与几何->基本图形、几何体的概念及性质->四边形->梯形->等腰梯形,等腰梯形,10378
10382,图形与几何->基本图形、几何体的概念及性质->四边形->梯形->等腰梯形->等腰梯形的性质,等腰梯形的性质,10381
10383,图形与几何->基本图形、几何体的概念及性质->四边形->梯形->等腰梯形->等腰梯形的判定,等腰梯形的判定,10381
10384,图形与几何->基本图形、几何体的概念及性质->四边形->梯形->梯形的中位线,梯形的中位线,10378
10385,图形与几何->基本图形、几何体的概念及性质->圆,圆,10337
10386,图形与几何->基本图形、几何体的概念及性质->圆->圆的定义,圆的定义,10385
10387,图形与几何->基本图形、几何体的概念及性质->圆->圆心角、弧、弦、弦心距的概念及联系,圆心角、弧、弦、弦心距的概念及联系,10385
10388,图形与几何->基本图形、几何体的概念及性质->圆->垂径定理,垂径定理,10385
10389,图形与几何->基本图形、几何体的概念及性质->圆->圆心角与圆周角,圆心角与圆周角,10385
10390,图形与几何->基本图形、几何体的概念及性质->圆->圆的切线的定义及性质,圆的切线的定义及性质,10385
10391,图形与几何->基本图形、几何体的概念及性质->圆->与圆有关的比例线段,与圆有关的比例线段,10385
10392,图形与几何->基本图形、几何体的概念及性质->圆->与圆有关的比例线段->相交弦定理,相交弦定理,10391
10393,图形与几何->基本图形、几何体的概念及性质->圆->与圆有关的比例线段->割线定理,割线定理,10391
10394,图形与几何->基本图形、几何体的概念及性质->圆->与圆有关的比例线段->切割线定理,切割线定理,10391
10395,图形与几何->基本图形、几何体的概念及性质->圆->与圆有关的比例线段->切线长定理,切线长定理,10391
10396,图形与几何->基本图形、几何体的概念及性质->圆->圆的内接多边形,圆的内接多边形,10385
10397,图形与几何->基本图形、几何体的概念及性质->正多边形与圆,正多边形与圆,10337
10398,图形与几何->空间几何体,空间几何体,10336
10399,图形与几何->空间几何体->多面体（棱柱、棱锥）,多面体（棱柱、棱锥）,10398
10400,图形与几何->空间几何体->旋转体（圆柱、圆锥）,旋转体（圆柱、圆锥）,10398
10401,图形与几何->空间几何体->球,球,10398
10402,图形与几何->空间几何体->截面,截面,10398
10403,图形与几何->空间几何体->平面的性质（3个公理）,平面的性质（3个公理）,10398
10404,图形与几何->几何量,几何量,10336
10405,图形与几何->几何量->锐角三角函数(比),锐角三角函数(比),10404
10406,图形与几何->几何量->锐角三角函数(比)->锐角三角函数(比)的定义,锐角三角函数(比)的定义,10405
10407,图形与几何->几何量->锐角三角函数(比)->解直角三角形,解直角三角形,10405
10408,图形与几何->几何量->解三角形,解三角形,10404
10409,图形与几何->几何量->解三角形->正弦定理,正弦定理,10408
10410,图形与几何->几何量->解三角形->余弦定理,余弦定理,10408
10411,图形与几何->几何量->解三角形->海伦公式,海伦公式,10408
10412,图形与几何->几何量->解三角形->三角形面积公式$\dfrac{1}{2}ab\sin C$,三角形面积公式$\dfrac{1}{2}ab\sin C$,10408
10413,图形与几何->几何量->与圆有关的几何量,与圆有关的几何量,10404
10414,图形与几何->几何量->与圆有关的几何量->弧长公式(弧度制),弧长公式(弧度制),10413
10415,图形与几何->几何量->与圆有关的几何量->弧长公式(角度制),弧长公式(角度制),10413
10416,图形与几何->几何量->与圆有关的几何量->扇形面积公式(弧度制),扇形面积公式(弧度制),10413
10417,图形与几何->几何量->与圆有关的几何量->扇形面积公式(角度制),扇形面积公式(角度制),10413
10418,图形与几何->几何量->与圆有关的几何量->圆的周长,圆的周长,10413
10419,图形与几何->几何量->与圆有关的几何量->圆的面积,圆的面积,10413
10420,图形与几何->几何量->空间几何量,空间几何量,10404
10421,图形与几何->几何量->空间几何量->空间两条直线所成的角,空间两条直线所成的角,10420
10422,图形与几何->几何量->空间几何量->空间直线与平面所成的角,空间直线与平面所成的角,10420
10423,图形与几何->几何量->空间几何量->二面角,二面角,10420
10424,图形与几何->几何量->空间几何量->空间点与平面的距离,空间点与平面的距离,10420
10425,图形与几何->几何量->空间几何量->表面积（侧面积）,表面积（侧面积）,10420
10426,图形与几何->几何量->空间几何量->体积,体积,10420
10427,图形与几何->几何量->空间几何量->球面距离,球面距离,10420
10428,图形与几何->几何关系,几何关系,10336
10429,图形与几何->几何关系->位置关系,位置关系,10428
10430,图形与几何->几何关系->位置关系->直线与直线的位置关系,直线与直线的位置关系,10429
10431,图形与几何->几何关系->位置关系->直线与直线的位置关系->直线相交,直线相交,10430
10432,图形与几何->几何关系->位置关系->直线与直线的位置关系->直线相交->直线相交,直线相交,10431
10433,图形与几何->几何关系->位置关系->直线与直线的位置关系->直线相交->直线垂直,直线垂直,10431
10434,图形与几何->几何关系->位置关系->直线与直线的位置关系->直线平行,直线平行,10430
10435,图形与几何->几何关系->位置关系->直线与直线的位置关系->直线平行->平行线的定义及判定,平行线的定义及判定,10434
10436,图形与几何->几何关系->位置关系->直线与直线的位置关系->直线平行->平行线的性质,平行线的性质,10434
10437,图形与几何->几何关系->位置关系->直线与直线的位置关系->直线平行->平行线的性质->平行线分线段成比例,平行线分线段成比例,10436
10438,图形与几何->几何关系->位置关系->直线与直线的位置关系->直线平行->平行线的性质->三线八角,三线八角,10436
10439,图形与几何->几何关系->位置关系->直线与直线的位置关系->异面直线,异面直线,10430
10440,图形与几何->几何关系->位置关系->直线与直线的位置关系->异面直线->长方体中的异面直线,长方体中的异面直线,10439
10441,图形与几何->几何关系->位置关系->点与圆的位置关系,点与圆的位置关系,10429
10442,图形与几何->几何关系->位置关系->直线与圆的位置关系,直线与圆的位置关系,10429
10443,图形与几何->几何关系->位置关系->圆与圆的位置关系,圆与圆的位置关系,10429
10444,图形与几何->几何关系->位置关系->直线与平面的位置关系,直线与平面的位置关系,10429
10445,图形与几何->几何关系->位置关系->直线与平面的位置关系->直线与平面平行的判定与性质,直线与平面平行的判定与性质,10444
10446,图形与几何->几何关系->位置关系->直线与平面的位置关系->直线与平面垂直的判定与性质,直线与平面垂直的判定与性质,10444
10447,图形与几何->几何关系->位置关系->平面与平面的位置关系,平面与平面的位置关系,10429
10448,图形与几何->几何关系->位置关系->平面与平面的位置关系->平面与平面平行的判定与性质,平面与平面平行的判定与性质,10447
10449,图形与几何->几何关系->位置关系->平面与平面的位置关系->平面与平面垂直的判定与性质,平面与平面垂直的判定与性质,10447
10450,图形与几何->几何关系->位置关系->点与直线的位置关系,点与直线的位置关系,10429
10451,图形与几何->几何关系->位置关系->点与平面的位置关系,点与平面的位置关系,10429
10452,图形与几何->几何关系->全等三角形,全等三角形,10428
10453,图形与几何->几何关系->全等三角形->全等三角形的定义及判定,全等三角形的定义及判定,10452
10454,图形与几何->几何关系->全等三角形->全等三角形的性质,全等三角形的性质,10452
10455,图形与几何->几何关系->图形的相似,图形的相似,10428
10456,图形与几何->几何关系->相似三角形,相似三角形,10428
10457,图形与几何->几何关系->相似三角形->相似三角形的判定 ,相似三角形的判定 ,10456
10458,图形与几何->几何关系->相似三角形->相似三角形的性质,相似三角形的性质,10456
10459,图形与几何->几何关系->图形的位似,图形的位似,10428
10460,图形与几何->图形的运动,图形的运动,10336
10461,图形与几何->图形的运动->动点轨迹,动点轨迹,10460
10462,图形与几何->图形的运动->几何不动点(恒过定点),几何不动点(恒过定点),10460
10463,图形与几何->图形的运动->几何极值,几何极值,10460
10464,图形与几何->图形的几何变换,图形的几何变换,10336
10465,图形与几何->图形的几何变换->平移,平移,10464
10466,图形与几何->图形的几何变换->旋转,旋转,10464
10467,图形与几何->图形的几何变换->翻折,翻折,10464
10468,图形与几何->图形的几何特征,图形的几何特征,10336
10469,图形与几何->图形的几何特征->轴对称图形,轴对称图形,10468
10470,图形与几何->图形的几何特征->中心对称图形,中心对称图形,10468
10471,图形与几何->图形的几何特征->旋转对称图形,旋转对称图形,10468
10472,图形与几何->解析几何,解析几何,10336
10473,图形与几何->解析几何->平面直角坐标系及点的坐标,平面直角坐标系及点的坐标,10472
10474,图形与几何->解析几何->曲线轨迹与方程,曲线轨迹与方程,10472
10475,图形与几何->解析几何->二次曲线的方程,二次曲线的方程,10472
10476,图形与几何->解析几何->二次曲线的方程->椭圆的方程及其性质,椭圆的方程及其性质,10475
10477,图形与几何->解析几何->二次曲线的方程->双曲线方程及其性质,双曲线方程及其性质,10475
10478,图形与几何->解析几何->二次曲线的方程->圆的方程及其性质,圆的方程及其性质,10475
10479,图形与几何->解析几何->二次曲线的方程->抛物线方程及其性质,抛物线方程及其性质,10475
10480,图形与几何->解析几何->直线的方程及其性质,直线的方程及其性质,10472
10481,图形与几何->解析几何->空间直线的方向向量,空间直线的方向向量,10472
10482,图形与几何->解析几何->平面的法向量,平面的法向量,10472
10483,图形与几何->解析几何->参数方程,参数方程,10472
10484,图形与几何->解析几何->极坐标方程,极坐标方程,10472
10485,图形与几何->解析几何->坐标系变换,坐标系变换,10472
10486,图形与几何->向量几何,向量几何,10336
10487,图形与几何->向量几何->向量分解定理,向量分解定理,10486
10488,图形与几何->向量几何->向量的模,向量的模,10486
10489,图形与几何->向量几何->向量的夹角,向量的夹角,10486
10490,图形与几何->向量几何->向量的运算与关系,向量的运算与关系,10486
10491,图形与几何->向量几何->向量的运算与关系->向量加减法,向量加减法,10490
10492,图形与几何->向量几何->向量的运算与关系->向量数乘与平行,向量数乘与平行,10490
10493,图形与几何->向量几何->向量的运算与关系->向量的数量积与垂直,向量的数量积与垂直,10490
10494,图形与几何->向量几何->向量的坐标表示及其坐标运算,向量的坐标表示及其坐标运算,10486
10495,图形与几何->几何证明,几何证明,10336
